"DATE","Project Code","Location","Contractor","Balance","Customer Rating"
"2016","606008","Jamaica","Sue","+249.00","3"
"2011","604443","Barbados","Justine","+74.50","3"
"2012","602252","New Zealand","Santos","$286.50","3"
"2014","606947","Grenada","Justine","+358.10","4"
"2011","609451","Mauritania","Mary","223.95","3"
"2013","602565","Mali","Eric","+49.95","1"
"2012","607886","Samoa","John","+46.98","3"
"2016","606321","Guyana","Eric","+$492.98","4"
"2014","601000","Bangladesh","Santos","+$435.50","1"
"2016","603504","Hungary","David","+$227.95","1"
"2012","601939","Netherlands Antilles","Julie","+$494.10","5"
"2013","609138","Syria","Eric","440.00","5"
"2012","608512","Bahamas","John","93.95","4"
"2013","609138","Azerbaijan","Santos","$330.99","4"
"2016","601313","Latin America","Fred","+272.10","2"
"2016","606008","South Africa","Sue","+$273.00","3"
"2011","607260","Bhutan","David","$121.95","1"
"2012","605695","Uruguay","Joan","$472.50","5"
"2010","601313","Marshall Islands","Julie","$247.00","2"
"2010","606634","Russia","James","+228.00","3"
"2012","607260","Cayman Islands","Cindy","+$400.10","2"
"2016","601000","Suriname","Bob","+$151.00","2"
"2016","602878","Trinidad And Tobago","David","+$114.50","2"
"2015","603191","Macao","Raj","278.95","4"
"2010","609451","Serbia","Raj","+$50.99","4"
"2010","606008","Africa","Bob","+170.50","4"
"2010","604443","Lebanon","Jim","$221.00","4"
"2011","607573","Slovenia","Cindy","$465.50","5"
"2015","606947","Fiji","Maude","+$400.99","4"
"2014","608199","Sri Lanka","Justine","+167.95","2"
"2014","604130","Belize","Fred","+140.98","2"
"2012","602252","Cyprus","David","+$182.50","2"
"2016","602565","Persian Gulf","Ethyl","284.99","4"
"2014","603817","Dominica","Ethyl","$181.95","3"
"2011","605069","Eritrea","Julie","200.99","5"
"2010","604443","Mayotte","John","$96.95","4"
"2013","604756","French Polynesia","Jim","+181.95","1"
"2014","609764","Switzerland","Eric","$282.00","5"
"2013","608199","Zambia","Joan","324.99","4"
"2013","605695","Panama","Raj","+$247.00","5"
"2013","604130","Central Africa","David","+338.95","4"
"2014","602565","Caucasus","Bill","130.95","3"
"2010","605069","North America","Julie","478.50","1"
"2012","602878","Label","Bob","$174.00","4"
"2014","608512","Italy","Joan","+$221.95","5"
"2014","609138","Tunisia","Santos","+$479.00","3"
"2014","602878","Malta","James","$190.00","2"
"2013","604443","San Marino","David","+$41.99","3"
"2010","604130","Estonia","Cindy","+25.50","4"
"2014","601626","Afghanistan","Cindy","$484.50","3"
"2016","609138","Pitcairn","Fred","+43.00","4"
"2010","608825","Kazakhstan","Ethyl","$130.00","5"
"2015","605382","Tunisia","Santos","113.00","4"
"2016","602565","Mozambique","Jim","+$454.99","2"
"2013","606634","Latin America","Fred","+$205.95","1"
"2011","604443","Central Asia","Jim","+90.00","4"
"2010","605069","Singapore","Bill","+$392.00","3"
"2015","608825","Croatia","Sue","+$429.50","2"
"2010","603817","Liechtenstein","Eric","+$266.98","3"
"2014","606008","Cape Verde","Maude","+$353.50","2"
"2015","605069","Namibia","David","+$449.00","1"
"2013","606634","Canada","James","397.50","4"
"2014","608199","Bosnia And Herzegovina","Sue","+$133.95","3"
"2014","603191","American Samoa","Jim","+412.95","4"
"2014","604443","Benin","Bob","+63.00","3"
"2013","604443","Monaco","Julie","155.50","3"
"2016","604130","Paraguay","Raj","$339.00","2"
"2013","604756","New Zealand","Bob","$419.00","5"
"2012","605382","Iceland","Bob","+$314.95","5"
"2012","606634","Bosnia And Herzegovina","Mary","+$30.99","4"
"2015","603504","North Africa","Joan","+103.99","5"
"2010","605069","Costa Rica","Joan","+161.99","2"
"2011","608825","New Zealand","Bob","396.99","4"
"2010","601939","Africa","John","+$477.00","1"
"2013","603191","Ecuador","Fred","+244.50","1"
"2011","601939","Cook Islands","Maude","+$278.98","4"
"2014","608825","The West","James","$426.10","4"
"2011","603817","Guadeloupe","Jim","488.95","1"
"2013","604443","West Bank","Maude","+275.00","1"
"2015","609138","Mexico","Raj","+147.99","5"
"2016","601626","Panama","Maude","+$50.00","4"
"2016","609764","Panama","Mary","240.00","5"
"2014","601939","Bosnia And Herzegovina","John","366.50","5"
"2013","604756","Eastern Africa","James","+36.99","1"
"2011","606947","West Africa","Sue","+39.00","1"
"2013","602878","Norfolk Island","Julie","$474.99","4"
"2010","609764","India","Maude","+$360.99","2"
"2010","603817","Sierra Leone","Bob","+255.00","1"
"2014","606008","Guyana","John","+$431.95","3"
"2014","603191","West Africa","Maude","294.95","5"
"2011","609764","Suriname","Joan","+$387.10","5"
"2011","602565","Madagascar","Sue","$434.00","2"
"2013","601313","South Asia","Joan","+$304.95","5"
"2015","606008","Germany","Julie","+$247.99","5"
"2015","602252","Lesotho","Mary","+$322.99","4"
"2012","608199","Zimbabwe","Cindy","418.95","4"
"2013","602878","Uzbekistan","Raj","+58.98","4"
"2012","606008","Isle Of Man","Cindy","+$289.00","2"
"2010","608199","Comoros","Joan","$256.00","1"
"2010","605695","Trinidad And Tobago","David","474.00","3"
"2012","605382","Sudan","Eric","+385.99","2"
"2011","607886","Mayotte","Sue","+$55.95","2"
"2011","609138","Qatar","Maude","144.00","3"
"2015","608825","Tonga","Raj","81.99","3"
"2011","601313","Vanuatu","Jane","+$462.00","2"
"2015","608199","Anguilla","David","+146.95","2"
"2012","602565","Senegal","Ethyl","$377.00","1"
"2014","601313","Swaziland","Eric","+228.98","2"
"2012","601313","Kiribati","Bob","+486.00","4"
"2015","602252","Benin","Bob","+457.99","3"
"2011","605069","Benin","Cindy","+$70.95","5"
"2013","602565","Kenya","Fred","+358.00","2"
"2012","603504","Netherlands Antilles","Eric","$442.98","2"
"2012","607886","Belarus","James","398.98","4"
"2012","607886","Malaysia","Eric","+214.95","4"
"2014","608825","Kyrgyzstan","Ethyl","+410.98","3"
"2016","601313","Zambia","Maude","+$225.98","1"
"2014","608825","Runion","Bill","322.10","5"
"2011","601626","Thailand","Cindy","$313.00","3"
"2011","601313","Malta","Joan","+134.00","4"
"2016","607573","Brunei Darussalam","Santos","+276.00","5"
"2011","607573","Palau","David","154.95","3"
"2014","602565","Guadeloupe","Joan","+$47.00","3"
"2015","603504","Saint Kitts-Nevis","Eric","+$154.95","4"
"2011","603817","Italy","Eric","+141.00","3"
"2010","603504","Burundi","John","354.99","1"
"2016","604443","Italy","Jim","+$135.99","5"
"2011","606321","Montenegro","John","+$47.00","4"
"2016","604130","Estonia","Sue","308.00","2"
"2011","608825","Serbia","James","$425.00","3"
"2013","609138","Grenada","Maude","$205.98","5"
"2012","608199","Europe","Julie","$466.00","4"
"2013","605069","Anguilla","Mary","+$378.99","5"
"2012","601000","Northern Mariana Islands","Cindy","+269.95","2"
"2014","607886","Lebanon","Justine","+80.50","3"
"2011","604756","Bolivia","John","$79.50","1"
"2011","605382","Costa Rica","John","312.00","3"
"2011","609764","Dominica","Eric","289.95","1"
"2011","601626","Turkmenistan","Justine","+$217.50","4"
"2011","607573","Austria","Eric","188.95","2"
"2010","604443","Poland","Jim","+245.10","5"
"2010","604130","Barbados","Sue","+332.95","5"
"2013","601939","People'S Republic Of The Congo","Santos","+$298.99","5"
"2012","601000","Sierra Leone","Maude","+$129.00","4"
"2013","601000","Venezuela","Maude","+183.00","4"
"2016","607573","Cook Islands","Eric","+211.99","3"
"2015","608512","Ukraine","Sue","141.50","5"
"2012","607260","Middle East","Bob","$214.00","4"
"2014","605382","Venezuela","James","+$266.99","4"
"2015","602565","South America","Santos","+59.99","4"
"2015","608825","British Virgin Islands","Justine","$285.99","5"
"2014","607886","Vietnam","Justine","+463.00","4"
"2014","601313","Djibouti","James","214.95","2"
"2015","606947","New Zealand","Joan","$411.95","1"
"2016","602565","Greece","Justine","+399.99","3"
"2012","606008","Australia","John","446.50","1"
"2016","605069","Ukraine","Eric","$179.95","4"
"2010","607886","Baghdad","Ethyl","$285.95","4"
"2016","606947","Croatia","David","$131.00","1"
"2010","607573","Bulgaria","James","+$130.95","5"
"2010","608512","Caribbean","Julie","+$385.10","2"
"2013","601939","Caucasus","Maude","+$489.99","5"
"2011","606634","Tunisia","Bob","+$330.95","3"
"2011","607260","Grenada","Bob","+$35.95","2"
"2016","604756","Maldives","Mary","110.98","3"
"2016","609138","Uruguay","Justine","$188.00","3"
"2014","607260","Eritrea","James","229.95","5"
"2011","609451","Bermuda","Mary","+$22.00","4"
"2012","604130","Vanuatu","Cindy","$306.99","2"
"2015","603817","Botswana","David","482.95","4"
"2013","601939","Sierra Leone","James","$367.00","5"
"2013","606321","Bermuda","Raj","+$382.00","3"
"2015","606947","Greenland","Mary","99.99","5"
"2011","608199","Country_Desc","Jane","$49.00","3"
"2013","604756","Haiti","Eric","+347.99","2"
"2015","608199","Albania","Eric","$100.95","1"
"2011","603817","Uruguay","Eric","+$112.98","4"
"2011","607886","Haiti","Cindy","+152.98","4"
"2010","601313","Liechtenstein","Fred","+$178.00","4"
"2011","606947","Saint Helena","Fred","$366.50","4"
"2010","601000","Gambia","Fred","248.00","1"
"2012","607886","Eastern Africa","Bill","+480.95","4"
"2010","605382","Saint Helena","Sue","310.95","2"
"2012","606947","Saudi Arabia","Mary","+$249.95","5"
"2011","608199","People'S Republic Of The Congo","David","$455.99","1"
"2016","609764","Guyana","Sue","+$192.98","1"
"2010","605382","American Samoa","Bob","$30.00","3"
"2016","602878","Brunei Darussalam","Mary","+$220.95","5"
"2011","608512","Gaza Strip","Mary","373.99","2"
"2015","602252","Pitcairn","Raj","$368.00","4"
"2015","603504","Albania","Raj","+$274.00","4"
"2012","607260","Antigua And Barbuda","Raj","$21.99","5"
"2013","601313","Argentina","Jim","+317.95","5"
"2015","601626","Peru","Julie","$98.00","5"
"2014","605069","Belarus","Bob","$270.10","3"
"2010","606321","Kazakhstan","Maude","+37.00","2"
"2010","607886","Iceland","Sue","$124.95","5"
"2010","603504","People'S Republic Of The Congo","Jane","405.95","2"
"2012","605069","Cameroon","Eric","$476.00","3"
"2014","602878","Bosnia And Herzegovina","Santos","+279.10","5"
"2013","601626","Azerbaijan","Sue","+393.99","5"
"2013","606321","Bolivia","Justine","$253.10","1"
"2010","604756","Guatemala","Justine","+$236.00","5"
"2012","604756","Bermuda","Joan","445.95","1"
"2012","604756","Slovakia","Mary","+$425.10","1"
"2014","607886","Ecuador","Santos","174.95","2"
"2014","607573","Comoros","Jim","+327.00","2"
"2011","603191","Zambia","Jane","$187.00","3"
"2010","603504","Faeroe Islands","Santos","462.10","1"
"2016","604756","Bolivia","James","+$70.98","4"
"2010","606634","Country_Desc","Sue","143.00","5"
"2012","609138","Scandinavia","Jane","+209.99","3"
"2016","606321","Vatican City","David","+$127.00","3"
"2014","608825","Ghana","Maude","$467.00","3"
"2015","603817","Costa Rica","Julie","+249.95","5"
"2015","601313","Tajikistan","Joan","$34.10","4"
"2010","609138","Ethiopia","David","$459.00","5"
"2011","607886","Liberia","Sue","266.99","4"
"2011","607573","Suriname","Jim","+68.95","1"
"2016","603504","Lesotho","Maude","$385.98","1"
"2010","604130","Djibouti","Bob","115.00","1"
"2013","604130","Gabon","Maude","+437.00","2"
"2011","603817","Gibraltar","Jim","+$354.95","4"
"2015","606008","Sudan","Mary","+$263.00","1"
"2014","604130","People'S Republic Of The Congo","Santos","$397.00","4"
"2014","604443","Brazil","Fred","+414.99","2"
"2015","601313","Bahamas","John","+$274.00","4"
"2014","602565","Dominican Republic","Eric","425.00","3"
"2014","604443","Runion","Bob","+$456.00","3"
"2016","601000","Bahrain","Justine","$44.10","4"
"2016","605382","Slovakia","Justine","297.00","1"
"2012","606947","Cape Verde","Julie","83.99","3"
"2011","607260","Tuvalu","Bob","+383.00","1"
"2012","601313","Central Asia","Fred","$364.95","2"
"2016","603504","Montserrat","Eric","$188.95","4"
"2016","609764","Macedonia","Sue","+499.98","2"
"2013","603817","Denmark","Cindy","163.98","4"
"2012","608512","Belgium","Sue","+$262.00","5"
"2011","602565","India","Mary","+$158.00","1"
"2011","606634","Southeast Asia","Cindy","+367.99","2"
"2010","601000","Cyprus","Justine","109.00","2"
"2016","609138","Nigeria","Julie","+$209.98","3"
"2013","604130","Southern Africa","Santos","370.95","5"
"2013","601939","Eastern Europe","Cindy","+103.99","1"
"2014","602565","El Salvador","James","+77.10","2"
"2010","602878","Mediterranean","Fred","$433.95","3"
"2014","607573","American Samoa","Raj","397.95","4"
"2016","602878","Andorra","John","+$175.00","3"
"2011","603817","American Samoa","Jim","$173.95","4"
"2013","601000","Cambodia","Jane","+400.99","1"
"2015","607260","Baghdad","Jim","+$473.99","5"
"2010","601313","Country_Desc","Maude","416.95","5"
"2014","601939","Micronesia","Raj","+442.00","3"
"2012","601626","Comoros","Maude","+367.95","4"
"2016","605069","Portugal","Jane","+372.95","4"
"2012","606321","Turks And Caicos Islands","Maude","24.10","4"
"2015","606321","Isle Of Man","Joan","+$124.98","2"
"2010","601939","Tanzania","Justine","$464.00","2"
"2016","603817","Liberia","Cindy","+$269.99","4"
"2016","605382","Portugal","James","+$417.00","3"
"2016","602878","Libya","Eric","$22.98","3"
"2014","604756","Niger","Maude","+$434.00","3"
"2010","606947","South Korea","Fred","$105.10","3"
"2011","609138","Cuba","Fred","$199.00","1"
"2012","606947","Liechtenstein","Ethyl","+$139.00","4"
"2014","608199","Bolivia","Jim","+114.10","2"
"2016","601939","Niue","Bill","+20.99","1"
"2014","604443","Persian Gulf","Eric","75.00","2"
"2012","607260","El Salvador","Julie","$21.00","3"
"2011","603191","Senegal","David","224.99","2"
"2011","604130","Albania","Jane","+$197.00","4"
"2013","602878","Niger","Jane","+$411.10","4"
"2014","609138","Panama","Maude","+111.50","4"
"2011","602565","Chad","Sue","$471.95","4"
"2012","603191","Azerbaijan","Jane","41.00","4"
"2012","608825","Uruguay","John","$139.98","1"
"2016","608825","Falkland Islands","Maude","163.99","2"
"2010","602252","Montenegro","Jim","+474.00","1"
"2012","607260","East Indies","Raj","21.98","2"
"2015","606008","Scandinavia","Raj","+$306.00","4"
"2011","603191","Comoros","Ethyl","+187.00","3"
"2014","603191","North Korea","Eric","$330.95","5"
"2014","604756","South America","Jim","$392.50","1"
"2012","603817","Niue","James","+96.00","1"
"2010","608199","Afghanistan","Bob","369.10","3"
"2011","603504","Costa Rica","John","202.00","3"
"2014","603191","Country_Desc","Santos","$260.99","1"
"2010","607886","Latvia","Eric","+$81.95","3"
"2011","604130","North Africa","Joan","+360.00","3"
"2013","601939","Bangladesh","Cindy","+90.00","1"
"2010","604756","San Marino","John","+391.99","2"
"2015","608825","Bahrain","Santos","+$271.00","5"
"2010","602878","Guadeloupe","Raj","$372.00","4"
"2012","606947","Equatorial Guinea","Sue","+$40.00","3"
"2010","603817","Laos","Raj","385.50","2"
"2015","606947","Lebanon","Santos","$53.00","2"
"2011","601939","Mali","David","15.95","5"
"2012","603504","Tunisia","Cindy","+$301.00","3"
"2015","604756","Central Europe","David","365.99","5"
"2013","605695","Central Asia","Santos","29.00","2"
"2012","609451","New Zealand","Bob","237.98","3"
"2010","601626","Kyrgyzstan","Bob","334.00","2"
"2015","604756","South Korea","Bill","+$360.95","2"
"2012","606634","Costa Rica","Joan","322.00","3"
"2015","606947","Country_Desc","Santos","+$17.00","4"
"2012","607886","Canada","Julie","$265.95","2"
"2016","603504","Faeroe Islands","Eric","$353.00","4"
"2011","604756","Antigua And Barbuda","John","$178.95","5"
"2011","603191","Jamaica","James","$101.98","1"
"2014","603504","Greenland","Ethyl","+103.95","1"
"2016","603191","Djibouti","Mary","+73.99","5"
"2014","608512","West Bank","Joan","+499.95","3"
"2011","608199","Western Sahara","John","+$15.00","5"
"2016","609138","Falkland Islands","Joan","268.00","4"
"2016","606321","Samoa","Julie","$236.95","3"
"2015","607260","Maldives","Cindy","230.95","2"
"2016","604443","Saudi Arabia","Sue","+$32.95","4"
"2014","602252","United Kingdom","Bob","233.95","3"
"2013","606008","France","Joan","+$234.00","5"
"2011","604443","Thailand","Eric","$89.99","2"
"2014","604443","Myanmar","Jane","+252.00","1"
"2010","608512","Brazil","Ethyl","+140.00","5"
"2016","601939","Greenland","Justine","+56.00","4"
"2016","606947","North Korea","Raj","25.95","1"
"2010","607886","Europe","Joan","+$154.10","5"
"2016","605382","Malaysia","David","$497.10","1"
"2012","608825","Cook Islands","Cindy","414.00","5"
"2011","602565","Equatorial Guinea","Eric","176.10","1"
"2013","609764","Southern Africa","Jane","+$409.95","4"
"2014","607573","Gambia","Justine","147.50","5"
"2015","609138","Gabon","John","$15.98","5"
"2014","601626","Croatia","Bob","+380.00","2"
"2012","601313","Senegal","Sue","+243.00","3"
"2012","602252","Saudi Arabia","Santos","$463.99","2"
"2012","606008","Runion","John","311.99","1"
"2015","609138","Germany","Mary","257.99","1"
"2014","603191","Senegal","Jim","+383.99","1"
"2016","608825","Japan","Jane","337.95","5"
"2011","606321","Belgium","Julie","352.00","2"
"2012","608199","Mayotte","Maude","$127.95","5"
"2012","601313","Malta","John","444.00","5"
"2012","606947","Guinea","David","$408.50","3"
"2013","606008","Brazil","Mary","+$19.95","5"
"2015","601313","American Samoa","Sue","+376.00","2"
"2014","609764","Chile","Joan","68.98","4"
"2011","604756","Saint Helena","Bob","$85.00","5"
"2012","605382","Central Africa","David","+225.10","2"
"2012","609451","Jamaica","Bob","335.00","5"
"2011","601939","Central Asia","John","31.00","3"
"2014","604756","Saudi Arabia","Sue","+118.98","1"
"2015","609764","Myanmar","Ethyl","+372.95","2"
"2011","603504","Cape Verde","Justine","+319.00","2"
"2016","607260","Austria","Sue","310.98","3"
"2011","602565","Bolivia","Justine","361.98","3"
"2016","608825","Portugal","Bob","461.00","4"
"2011","609138","Macao","Bob","+$334.00","4"
"2012","604756","Ivory Coast","Bob","414.50","2"
"2012","605069","Iraq","James","+$290.95","1"
"2010","608199","Brazil","Julie","+345.95","3"
"2014","608199","Balkans","John","$259.98","4"
"2014","601000","Europe","Bill","292.50","5"
"2010","608512","United Arab Emirates","Eric","143.99","2"
"2012","603817","Antigua And Barbuda","Bob","244.00","1"
"2013","602565","Switzerland","Julie","+$128.00","1"
"2012","602565","Switzerland","Maude","+$116.99","1"
"2011","601000","Canada","Mary","$336.98","2"
"2010","608199","Serbia","Sue","380.00","3"
"2016","602252","Saint Vincent And The Grenadines","David","$10.99","4"
"2010","608199","Bahamas","Maude","+$50.95","1"
"2011","609764","Sweden","Raj","+202.00","2"
"2011","605069","Southeast Asia","Fred","178.00","2"
"2010","607886","Faeroe Islands","Raj","+$375.00","5"
"2012","603504","Greece","Jim","+236.98","4"
"2013","609451","Uganda","Bill","+356.00","1"
"2015","606634","Dominican Republic","Ethyl","$60.00","4"
"2013","606634","Qatar","David","149.95","2"
"2010","604130","Chad","Jane","+$455.99","5"
"2014","605382","Senegal","Sue","+111.99","1"
"2012","603504","Montserrat","Raj","$330.95","3"
"2013","601000","Western Sahara","Jim","206.99","1"
"2014","607573","Svalbard And Jan Mayen Islands","Raj","+470.00","3"
"2016","607573","Norfolk Island","Cindy","489.10","4"
"2016","609451","Gibraltar","Cindy","+17.99","5"
"2016","603817","Namibia","Julie","449.99","2"
"2013","605382","Mediterranean","Sue","159.00","5"
"2012","605695","Morocco","Jane","+233.00","5"
"2016","601313","Armenia","David","327.95","4"
"2010","602252","Seychelles","Raj","+$488.99","4"
"2014","609138","Ivory Coast","Justine","93.10","3"
"2010","605695","Jamaica","Julie","196.10","3"
"2015","604130","Togo","Julie","+365.99","1"
"2011","602878","Sierra Leone","Santos","324.95","4"
"2011","605695","India","Jim","+368.98","3"
"2011","602565","Egypt","James","+394.95","5"
"2011","602252","France","Mary","+286.99","1"
"2015","606321","Italy","David","$303.00","2"
"2013","601939","Gabon","Maude","466.00","3"
"2010","603191","Honduras","Raj","470.99","1"
"2014","607573","Uganda","Julie","+179.00","5"
"2014","601626","Tanzania","Cindy","421.99","5"
"2016","609764","United States Virgin Islands","Cindy","+$134.00","5"
"2016","604443","Cayman Islands","Mary","+$439.00","4"
"2011","609764","Baghdad","Maude","+66.00","1"
"2014","603817","Russia","Mary","+189.98","2"
"2011","606947","Belgium","Mary","259.00","3"
"2010","604756","Portugal","Raj","$466.50","2"
"2010","607260","Thailand","David","+$16.00","2"
"2010","609451","Eastern Africa","Jane","+370.00","4"
"2012","605695","Dominican Republic","Fred","+397.00","4"
"2015","605382","Nepal","Jim","+$278.00","1"
"2012","602565","Samoa","Fred","425.95","4"
"2012","604130","Togo","Maude","+$413.00","1"
"2010","601000","Laos","Ethyl","382.00","2"
"2016","601626","Mayotte","Bob","$105.95","4"
"2015","607573","Norway","Maude","+$69.00","3"
"2015","606947","Georgia","Ethyl","+95.00","3"
"2015","606008","Central Europe","Mary","$283.00","3"
"2015","604443","Kiribati","Raj","+14.95","1"
"2014","605382","Trinidad And Tobago","James","+126.99","4"
"2014","607260","American Samoa","David","+$485.95","3"
"2015","605069","Sudan","Mary","+261.00","4"
"2013","602878","Martinique","Jane","$194.00","5"
"2014","608199","French Polynesia","Fred","+$160.00","4"
"2014","601626","New Zealand","Raj","$122.00","2"
"2010","602565","Cameroon","Bill","451.10","1"
"2016","607573","Honduras","Fred","+$441.99","5"
"2016","606008","Vanuatu","Santos","$22.99","3"
"2012","607260","Benin","Cindy","+385.99","5"
"2013","604130","Tunisia","Mary","+$342.50","1"
"2013","606947","American Samoa","Julie","$300.99","3"
"2013","602878","Uganda","Joan","+178.00","3"
"2013","604130","India","Fred","+225.95","4"
"2013","606947","Honduras","David","+$458.99","5"
"2011","603504","Runion","Jim","258.99","3"
"2010","608199","Mexico","David","29.00","2"
"2012","605382","Democratic Republic Of The Congo","Ethyl","+$50.00","1"
"2016","601939","Uganda","Maude","482.99","4"
"2016","603817","East Timor","Justine","+$274.10","1"
"2010","609764","Dominica","Cindy","333.99","5"
"2010","601626","Belgium","Fred","+205.00","4"
"2014","606947","Germany","David","254.95","2"
"2016","602878","Baghdad","Sue","+$276.00","5"
"2015","604443","Sao Tome And Principe","Santos","$266.00","2"
"2014","609764","Guyana","Mary","$349.00","3"
"2015","603191","Micronesia","David","237.00","3"
"2010","603817","Eastern Africa","Cindy","+$94.10","2"
"2012","606634","Country_Desc","Maude","440.00","2"
"2011","609451","Central Asia","Maude","+101.95","4"
"2016","603817","Latin America","Raj","+$465.00","5"
"2010","608199","Chad","Raj","481.98","1"
"2011","609764","Bhutan","Joan","$320.99","1"
"2014","601939","Serbia","Raj","+$310.00","5"
"2015","603817","North Korea","James","$311.10","3"
"2015","606008","Bahrain","Bill","$427.95","4"
"2011","603191","Mongolia","Santos","+159.00","5"
"2016","604756","Mexico","Bob","22.95","3"
"2012","608512","Papua New Guinea","Julie","$379.00","1"
"2010","607886","Guinea","Jim","+$316.99","5"
"2015","608512","Albania","Raj","478.99","4"
"2010","609451","Venezuela","Bill","+$304.99","3"
"2016","605069","The West","Joan","61.50","1"
"2016","607573","Niger","David","+$367.00","1"
"2015","606321","Saint Pierre And Miquelon","Maude","486.95","1"
"2012","608825","Denmark","James","+$469.00","2"
"2013","603817","Paraguay","Santos","185.95","3"
"2010","606634","Bangladesh","Justine","+328.50","5"
"2014","604756","Tonga","Cindy","82.95","1"
"2015","608825","Azerbaijan","Bob","$354.95","4"
"2011","605069","Italy","Raj","+137.10","3"
"2010","607573","Costa Rica","Bill","$258.95","5"
"2011","607886","Greece","David","+312.10","5"
"2011","601000","Canada","Julie","+$238.00","4"
"2010","609451","Aland Islands","Sue","+$224.95","4"
"2015","608512","Gaza Strip","Raj","$196.00","4"
"2012","601000","North America","Mary","+$139.10","3"
"2012","605695","Swaziland","John","+147.95","5"
"2015","605382","Serbia","David","+$182.95","1"
"2014","608199","Jordan","Mary","+$250.00","5"
"2011","607886","Ukraine","Jane","+$30.99","2"
"2013","603191","Democratic Republic Of The Congo","Justine","250.98","1"
"2012","601313","Anguilla","Bob","457.00","2"
"2016","606947","Netherlands Antilles","John","+$259.95","4"
"2010","605695","Falkland Islands","Maude","+467.95","4"
"2012","601939","Mauritania","Joan","$168.95","5"
"2014","605382","Morocco","Justine","+$455.50","2"
"2013","606008","Armenia","Eric","+$306.95","2"
"2013","602878","Aruba","John","$322.50","4"
"2010","607573","North America","Eric","+$259.00","5"
"2013","602252","Netherlands Antilles","Jane","368.98","3"
"2011","608512","Guatemala","Eric","$175.50","4"
"2013","602252","Macao","Justine","291.10","2"
"2014","602565","Syria","Maude","+$362.99","2"
"2012","607886","Sweden","Justine","+$450.10","1"
"2016","601939","Vatican City","Julie","+$132.00","5"
"2016","609451","Southern Africa","Justine","+307.00","2"
"2013","601000","Central African Republic","Eric","367.00","1"
"2015","608512","Niue","Bill","432.10","4"
"2014","605695","Jordan","Sue","37.00","5"
"2010","609451","Trinidad And Tobago","Santos","$257.00","4"
"2013","605069","Libya","Eric","$23.99","3"
"2011","606947","Palau","John","+362.00","3"
"2015","602252","Monaco","James","+$329.98","2"
"2015","601313","South Africa","Fred","+$134.98","4"
"2015","605382","Ethiopia","Bill","+$32.99","3"
"2010","606321","Niger","James","+$435.00","4"
"2013","608199","Netherlands","Maude","+364.00","1"
"2011","601313","Syria","James","+287.10","2"
"2014","609451","Faeroe Islands","Jim","+361.95","3"
"2010","607886","Haiti","Ethyl","+122.00","2"
"2016","601313","Germany","Jim","$99.95","1"
"2013","608199","Southern Africa","David","186.98","5"
"2015","609764","West Africa","Maude","$113.00","1"
"2014","607573","Runion","Ethyl","183.00","3"
"2014","607260","Democratic Republic Of The Congo","Bob","+383.95","3"
"2014","608512","French Guiana","Julie","+131.95","5"
"2016","608825","Papua New Guinea","Joan","$492.00","4"
"2012","605069","Belarus","Mary","$169.00","2"
"2013","607886","Lesotho","Bill","+$385.99","1"
"2010","607573","Asia","Bob","363.00","5"
"2016","606947","South Asia","Santos","$181.99","2"
"2013","607886","Romania","Joan","+209.95","1"
"2014","606947","Singapore","Bill","+276.95","3"
"2014","602878","Scandinavia","Fred","+$483.50","4"
"2011","604756","Sudan","Sue","+486.98","4"
"2010","608512","Mauritania","Cindy","328.95","3"
"2014","606947","Scandinavia","Julie","+338.00","5"
"2015","601313","Uganda","Sue","+449.00","5"
"2013","604756","Lesotho","David","$135.00","3"
"2014","609138","Seychelles","James","+455.95","3"
"2013","609764","Hungary","Jane","$499.95","1"
"2013","606947","Aruba","Santos","$65.00","5"
"2011","608199","Tonga","Sue","+237.00","3"
"2011","601313","Gabon","Ethyl","$206.95","4"
"2012","602252","Hungary","Justine","400.00","2"
"2012","604443","Seychelles","Raj","70.99","3"
"2015","604443","Central African Republic","Cindy","$385.99","2"
"2015","607573","Mayotte","Maude","+490.99","2"
"2011","603817","Nicaragua","Julie","338.99","5"
"2010","607886","Jamaica","Maude","$95.95","3"
"2012","605382","Bahamas","Sue","$400.10","4"
"2013","601000","Portugal","Bob","329.98","3"
"2010","607886","Kuwait","Raj","$368.99","5"
"2015","601939","Kyrgyzstan","Bill","+362.99","4"
"2015","602878","Monaco","David","+223.95","3"
"2014","602878","Finland","John","$388.95","1"
"2011","606947","Panama","Cindy","+14.00","3"
"2016","609138","Maldives","John","$350.99","2"
"2010","605382","Ivory Coast","Ethyl","+$202.00","2"
"2012","601939","Bahrain","Fred","+366.95","3"
"2010","602252","West Bank","Sue","+108.99","4"
"2014","605695","Burundi","Eric","$169.95","2"
"2013","603817","Fiji","David","+$111.95","1"
"2015","607886","Isle Of Man","Ethyl","+341.00","5"
"2012","602878","Djibouti","Santos","$119.00","4"
"2011","609138","Latvia","Bob","299.00","2"
"2011","606634","Fiji","John","$240.50","5"
"2014","604130","Argentina","David","+253.00","1"
"2012","607260","Germany","Santos","+101.00","2"
"2013","609764","Central Asia","Eric","+123.00","2"
"2011","603504","Croatia","Jane","+189.00","2"
"2014","602565","Kenya","Cindy","+$187.00","2"
"2012","603504","United States Virgin Islands","Fred","+$64.98","1"
"2016","603191","Solomon Islands","Maude","+$410.50","4"
"2016","604756","New Caledonia","Maude","$496.00","4"
"2015","606321","Turks And Caicos Islands","David","+$347.10","4"
"2013","604756","Iran","Joan","+82.00","1"
"2014","606634","Southeast Asia","Jim","$310.99","5"
"2013","603817","Paraguay","Julie","+226.00","2"
"2012","607573","Uruguay","James","+279.00","5"
"2013","606321","Mongolia","Bob","77.98","5"
"2012","603504","Nicaragua","Fred","$195.00","1"
"2012","606321","Jamaica","Mary","+$57.99","5"
"2013","602565","Lesotho","David","$459.50","3"
"2013","605069","People'S Republic Of The Congo","Jim","436.95","2"
"2016","608825","Angola","Jane","370.00","1"
"2014","602565","The West","Raj","+350.95","1"
"2012","606321","Central Europe","Justine","+$461.50","5"
"2010","603191","Falkland Islands","Jane","383.50","5"
"2013","606947","Japan","Ethyl","$392.00","5"
"2014","602252","Gaza Strip","James","$16.00","3"
"2012","605382","Argentina","Ethyl","377.50","3"
"2010","606321","Saint Kitts-Nevis","Sue","204.95","1"
"2010","602878","Greece","Jane","$119.10","3"
"2015","604443","Botswana","Cindy","+$12.99","3"
"2015","604443","Laos","Eric","$315.95","3"
"2011","607886","Uzbekistan","John","274.00","1"
"2012","603191","Puerto Rico","Fred","281.98","2"
"2014","605382","Martinique","Ethyl","173.95","5"
"2016","609764","Cambodia","Julie","490.00","1"
"2015","608199","Algeria","Maude","151.50","4"
"2010","607573","Sudan","Raj","+$165.00","5"
"2010","605382","Bosnia And Herzegovina","Bill","$309.98","1"
"2012","605695","Somalia","Jim","+442.00","1"
"2014","609451","Guinea","Julie","146.99","1"
"2012","601000","Latvia","Santos","56.00","5"
"2012","609451","Gaza Strip","Mary","+$84.99","1"
"2011","606947","Mauritania","Justine","+31.98","3"
"2011","603504","Isle Of Man","Ethyl","$260.00","2"
"2013","602252","Papua New Guinea","Bob","$101.95","5"
"2014","608512","Occupied Palestinian Territory","David","132.99","2"
"2014","606947","Zimbabwe","Ethyl","+$354.10","5"
"2013","602878","Saint Helena","Justine","+143.99","3"
"2011","604130","Turkmenistan","Justine","+$412.00","2"
"2016","604756","Central African Republic","Cindy","$408.00","4"
"2013","609764","United States Virgin Islands","James","127.99","1"
"2014","607886","Netherlands","James","+$377.95","3"
"2016","605069","France","Joan","+329.00","2"
"2011","608199","American Samoa","Santos","+159.00","2"
"2011","601939","Oman","Jane","$148.99","3"
"2011","608825","Ukraine","John","+395.00","2"
"2011","608512","Guadeloupe","Justine","+$237.99","4"
"2016","606634","British Virgin Islands","Maude","164.95","1"
"2010","601626","Denmark","David","+359.00","3"
"2012","603191","Aland Islands","Joan","366.00","2"
"2013","609451","Nigeria","Raj","+$332.99","5"
"2013","601313","Mozambique","James","+$22.95","3"
"2011","606634","Lesotho","Sue","+$299.50","3"
"2010","601939","Svalbard And Jan Mayen Islands","Mary","88.95","4"
"2015","606321","Nigeria","Justine","302.00","4"
"2011","602565","Kazakhstan","Mary","+$139.95","1"
"2011","603191","Southern Africa","Bob","+$176.95","5"
"2016","605695","Isle Of Man","Jane","$412.95","1"
"2015","602252","United Kingdom","David","$333.95","4"
"2010","607573","French Guiana","Justine","472.50","4"
"2014","605069","Dominica","Maude","$37.10","5"
"2013","606008","Greece","James","$396.95","4"
"2016","605382","United Kingdom","David","$442.00","3"
"2011","606008","Bahrain","Santos","417.99","2"
"2013","607573","South Korea","Bob","+$41.98","2"
"2011","601626","Montserrat","Jane","$431.95","5"
"2011","601000","Yemen","Sue","$303.95","2"
"2011","606008","Ivory Coast","Raj","$372.95","2"
"2016","601626","Columbia","David","479.50","2"
"2011","609764","Libya","Cindy","$284.98","5"
"2010","606634","Hong Kong","Justine","+202.10","4"
"2015","602878","Azerbaijan","Jim","+$255.00","5"
"2015","604130","Mozambique","Joan","+$262.95","1"
"2012","601939","North Africa","Bob","+284.98","5"
"2012","608512","Eastern Europe","Julie","$196.50","4"
"2010","606634","Faeroe Islands","James","293.95","4"
"2010","602565","Serbia","Justine","479.00","5"
"2014","609451","Niger","Jim","+223.00","3"
"2011","605382","Cook Islands","Cindy","+22.50","2"
"2015","605382","Dominican Republic","Bill","$431.10","1"
"2015","609138","Ethiopia","Cindy","249.98","3"
"2014","607886","Samoa","Eric","389.99","5"
"2014","605069","Lebanon","Joan","336.95","4"
"2014","606947","Switzerland","Ethyl","+$212.95","4"
"2013","601626","Kiribati","Sue","261.98","2"
"2010","604443","Angola","Santos","173.99","2"
"2010","609451","Eritrea","David","+137.00","1"
"2012","607260","Latin America","Raj","348.00","3"
"2010","608199","Caribbean","Bob","+$127.00","3"
"2010","604443","Pakistan","Santos","$74.99","2"
"2010","607886","Italy","James","+$15.50","4"
"2011","608199","Country_Desc","John","$229.00","4"
"2014","605695","Sri Lanka","David","94.99","4"
"2012","608512","Austria","Maude","124.95","4"
"2016","601313","Tunisia","Eric","+125.00","2"
"2014","608199","Western Sahara","Ethyl","$450.00","5"
"2016","601939","United Kingdom","Bill","+499.50","2"
"2015","607260","Iraq","Sue","+380.98","5"
"2014","602878","Cambodia","Maude","+496.00","4"
"2011","604756","Estonia","Santos","+$143.10","5"
"2015","609138","Comoros","Justine","445.00","4"
"2013","607573","Gaza Strip","David","$50.98","4"
"2011","601000","Occupied Palestinian Territory","Joan","232.95","4"
"2014","607886","United States Virgin Islands","Maude","143.00","3"
"2015","605069","El Salvador","Mary","+$401.00","3"
"2011","607260","Grenada","Joan","+$244.99","4"
"2013","606634","Cameroon","Jane","+325.95","4"
"2010","604756","Pitcairn","Ethyl","+$342.00","5"
"2015","604130","Israel","Ethyl","$75.95","3"
"2012","606321","Vanuatu","Maude","+141.00","3"
"2011","608825","Algeria","Fred","$287.99","4"
"2013","607260","Eastern Africa","Bob","$491.95","4"
"2014","601000","Country_Desc","Eric","$265.00","4"
"2016","609451","Anguilla","Joan","+$167.00","4"
"2013","603504","Puerto Rico","David","470.95","1"
"2012","608199","Mali","Joan","$405.00","1"
"2011","603817","Russia","Eric","+$146.95","4"
"2012","609451","Mongolia","David","$495.95","2"
"2015","607886","Eastern Europe","Eric","142.00","5"
"2012","606947","Aruba","Bob","+$17.95","4"
"2011","601313","Belize","Bill","+171.95","2"
"2014","602252","India","David","+26.00","1"
"2013","605382","Niue","Sue","494.10","5"
"2011","601626","Nauru","Julie","239.95","4"
"2016","604756","Chad","Eric","258.10","4"
"2012","606321","Comoros","Ethyl","+$300.10","2"
"2014","606947","Papua New Guinea","Maude","273.00","2"
"2013","601313","Barbados","Justine","126.00","1"
"2012","609451","Tunisia","Fred","403.98","5"
"2012","603191","Western Sahara","David","125.98","5"
"2014","608199","Luxembourg","Eric","388.98","2"
"2016","606947","Uruguay","James","+31.99","2"
"2014","603817","Macao","Mary","$124.95","5"
"2010","605695","Philippines","Julie","129.00","2"
"2012","605695","Lebanon","Sue","+495.50","3"
"2014","601939","Isle Of Man","Ethyl","$424.99","2"
"2013","605695","Sudan","Maude","415.00","3"
"2011","608199","Greenland","Justine","204.00","4"
"2013","603817","Canada","John","+456.10","5"
"2014","602878","Bosnia And Herzegovina","John","336.99","4"
"2010","605382","Pakistan","John","+455.99","4"
"2015","606634","Afghanistan","James","+$233.00","2"
"2015","603504","Myanmar","Mary","491.00","4"
"2015","606947","Palau","Jane","+$400.95","1"
"2016","602252","Bhutan","Cindy","+$185.00","5"
"2012","601626","Samoa","Joan","$40.99","2"
"2016","604130","Cuba","Bob","+167.00","2"
"2013","609764","East Indies","Sue","$344.00","3"
"2011","606634","Cuba","Maude","431.99","1"
"2013","605695","Finland","Justine","$358.00","2"
"2015","601939","Paraguay","Ethyl","346.95","5"
"2016","604130","Peru","Jim","354.99","4"
"2011","606008","Qatar","Santos","476.99","2"
"2014","605069","Cape Verde","Justine","$164.98","4"
"2014","608512","Mediterranean","David","435.00","2"
"2015","601626","Middle East","Ethyl","152.10","1"
"2012","602565","Scandinavia","Jim","+145.95","2"
"2016","609764","Lesotho","John","+30.99","3"
"2016","601626","Gambia","Fred","$105.95","4"
"2011","604443","Greece","Mary","+60.98","1"
"2015","609451","Malawi","Santos","+52.00","2"
"2013","606947","Persian Gulf","Santos","$136.95","2"
"2013","604443","Tuvalu","Bill","286.99","5"
"2010","602565","Falkland Islands","Julie","267.00","2"
"2015","609451","Greece","James","$492.99","4"
"2014","608825","Venezuela","Justine","+$168.00","2"
"2015","604130","Nicaragua","John","+344.98","1"
"2011","606321","Eastern Europe","Mary","$224.95","4"
"2016","603817","Kiribati","John","486.50","2"
"2013","609764","Saint Lucia","Justine","$395.99","1"
"2012","606947","People'S Republic Of The Congo","Ethyl","327.99","1"
"2012","602878","Haiti","Fred","$51.00","5"
"2011","607260","El Salvador","Ethyl","461.95","4"
"2014","609138","Asia","Raj","+296.00","1"
"2010","608825","Czech Republic","Julie","$59.95","4"
"2010","607573","Caribbean","Joan","382.10","4"
"2012","606321","Romania","Justine","$99.99","3"
"2010","603817","Palau","Santos","467.99","3"
"2010","606321","French Polynesia","Jane","$231.99","2"
"2011","603504","Indonesia","Sue","+$239.99","1"
"2010","604443","Guadeloupe","Bill","46.95","3"
"2016","601313","People'S Republic Of The Congo","Sue","314.95","2"
"2016","602878","Kyrgyzstan","Jane","403.10","4"
"2010","601939","Puerto Rico","Bob","+415.10","3"
"2016","602252","Micronesia","James","+$453.99","5"
"2016","605382","Brunei Darussalam","John","+$367.00","5"
"2015","603504","Gaza Strip","Cindy","+278.99","5"
"2016","609451","Afghanistan","David","+311.95","1"
"2016","605382","Latin America","Bill","$389.95","3"
"2012","606634","South Korea","John","207.98","4"
"2010","606008","Ethiopia","Mary","$256.00","5"
"2013","601626","Saint Vincent And The Grenadines","Justine","+$435.99","1"
"2016","603191","Samoa","Justine","+$44.00","1"
"2010","603191","Namibia","Santos","+203.95","4"
"2011","605695","Switzerland","Bob","+191.95","3"
"2015","605695","Martinique","Bill","+$231.98","4"
"2012","601626","Svalbard And Jan Mayen Islands","David","426.95","5"
"2010","608512","Australia","Santos","$356.00","2"
"2013","606947","Hong Kong","Maude","46.98","5"
"2012","609764","Central Africa","David","294.10","4"
"2010","608199","Morocco","Justine","+40.00","1"
"2016","609451","Guinea-Bissau","Joan","+490.50","2"
"2012","603504","Ethiopia","John","+284.95","2"
"2011","601939","Tunisia","Julie","+369.99","1"
"2014","606008","Morocco","Sue","$286.00","4"
"2016","607573","El Salvador","Justine","+$353.10","2"
"2014","602565","Pitcairn","Raj","+$246.95","5"
"2013","601939","Kazakhstan","Eric","$147.98","5"
"2013","609451","Niue","James","+$249.95","2"
"2015","604756","Maldives","Mary","229.50","4"
"2015","604443","Cape Verde","James","$389.99","2"
"2014","602878","Southeast Asia","Fred","$354.00","5"
"2015","603817","Cambodia","Mary","+$332.00","3"
"2010","602252","Cuba","Julie","+369.00","5"
"2011","608825","Caucasus","Maude","+205.95","5"
"2010","606008","Georgia","James","427.10","1"
"2012","609138","Brazil","Joan","$13.99","1"
"2011","606008","Norway","Ethyl","+$227.98","2"
"2016","605069","Monaco","Santos","+$430.99","5"
"2010","607260","Europe","Sue","+$43.95","2"
"2014","605382","Aruba","Eric","$434.95","3"
"2014","606634","Senegal","Mary","77.00","4"
"2015","605695","Belize","Mary","$149.99","2"
"2016","605069","South Africa","John","+$198.50","3"
"2010","604443","Lesotho","Joan","+$103.95","4"
"2010","601000","Spain","Cindy","+$439.99","5"
"2016","607573","Georgia","James","+$43.00","2"
"2010","605382","Aruba","David","+$221.00","3"
"2012","601313","Honduras","Maude","+138.99","4"
"2015","603504","China","Joan","+446.95","4"
"2014","601626","British Virgin Islands","Mary","+495.00","2"
"2015","608512","East Indies","Julie","+$181.00","2"
"2012","606008","China","Ethyl","13.00","2"
"2012","607886","Syria","Cindy","131.95","1"
"2014","603191","Uzbekistan","James","$228.10","5"
"2014","604130","Chad","Jim","+359.95","4"
"2011","602252","France","Jane","+$353.95","2"
"2013","609138","Marshall Islands","Santos","408.98","4"
"2012","607260","Eritrea","Justine","+$51.99","5"
"2012","606634","Afghanistan","Mary","68.00","4"
"2010","603504","Southern Africa","John","$198.95","5"
"2013","605069","Namibia","Mary","$391.95","2"
"2014","609451","Central Asia","Maude","96.95","4"
"2015","601000","Tajikistan","Fred","334.10","3"
"2015","609451","Monaco","Fred","$265.98","4"
"2014","609138","Country_Desc","David","$436.99","5"
"2011","602565","Europe","Santos","$99.95","5"
"2012","601313","Serbia","David","$213.10","3"
"2013","601939","Eastern Europe","Bob","$358.50","4"
"2016","608512","Caribbean","Bob","$304.95","5"
"2011","601313","Rwanda","Eric","+$471.95","2"
"2011","608825","Portugal","Justine","+20.00","3"
"2010","602252","Jamaica","Ethyl","$234.95","1"
"2011","603504","Scandinavia","Maude","+$378.00","4"
"2012","603817","Trinidad And Tobago","Ethyl","+$413.95","5"
"2014","602878","North Korea","Maude","84.00","2"
"2011","606947","Runion","Ethyl","+371.50","1"
"2011","601313","Haiti","Sue","+$330.50","1"
"2010","607886","Dominica","Maude","$490.00","3"
"2013","604756","Guam","Joan","131.95","5"
"2016","609764","United Kingdom","Cindy","$348.50","2"
"2013","606321","Columbia","John","+$267.98","3"
"2014","606321","Chile","Raj","+$327.95","3"
"2011","608825","Bolivia","Maude","$250.00","2"
"2011","606947","Bahrain","James","+245.95","4"
"2011","603504","Jamaica","Ethyl","+$249.00","4"
"2014","604756","Cayman Islands","Fred","$442.00","5"
"2011","601626","Jordan","Sue","482.99","2"
"2010","603191","Poland","David","415.95","5"
"2012","601626","Poland","Ethyl","$214.00","1"
"2013","601000","Haiti","Santos","+366.95","4"
"2012","603191","Mauritania","Ethyl","390.99","2"
"2012","602565","Southern Africa","Jane","+$448.00","3"
"2016","604130","Trinidad And Tobago","Santos","$90.50","2"
"2011","608199","Niger","Bill","$370.00","3"
"2015","605382","French Polynesia","Eric","+$113.00","5"
"2014","601313","Belarus","Eric","293.99","1"
"2012","603817","Brunei Darussalam","Bill","+394.98","3"
"2012","601000","Afghanistan","Jim","130.98","3"
"2016","601000","Saint Kitts-Nevis","Bob","$286.10","1"
"2013","609451","Bosnia And Herzegovina","Justine","$141.99","4"
"2016","607260","Guatemala","Bob","+$240.95","4"
"2015","607260","Hungary","James","+$220.95","4"
"2010","604756","Bahamas","David","298.95","2"
"2014","604130","Togo","Jim","+81.95","3"
"2015","607886","Italy","Bob","163.00","2"
"2014","601939","Poland","James","$342.95","4"
"2010","604443","French Guiana","Justine","+144.95","5"
"2015","601313","Denmark","John","+$150.95","4"
"2015","609764","Laos","Santos","+$437.00","5"
"2010","607573","Lebanon","Mary","+$350.00","3"
"2015","609451","Macao","Jane","370.00","5"
"2014","604756","Nepal","Maude","$333.99","1"
"2016","601313","Tunisia","Sue","+158.95","1"
"2010","605069","Greece","Santos","+$279.99","3"
"2010","607260","Aland Islands","James","$204.95","5"
"2013","601000","Central Asia","Ethyl","+67.99","2"
"2016","608512","Balkans","Sue","229.00","1"
"2011","606634","Central African Republic","John","+322.95","3"
"2014","604130","Czech Republic","Eric","301.99","2"
"2011","608512","Cuba","Julie","315.99","4"
"2010","601939","Sweden","Mary","+$151.00","4"
"2014","608199","Ukraine","Ethyl","155.00","2"
"2013","605069","Isle Of Man","Ethyl","414.99","1"
"2014","602878","East Timor","Jim","+33.98","5"
"2010","606947","Mali","Mary","160.00","3"
"2015","603191","Iceland","David","+344.95","2"
"2015","604130","Guatemala","Eric","91.10","2"
"2010","607886","Tokelau","Julie","$443.98","3"
"2012","606008","Armenia","Santos","+81.00","2"
"2014","606634","Botswana","Joan","$180.95","3"
"2013","605382","Greenland","Eric","+220.95","2"
"2010","608199","Djibouti","Ethyl","$262.00","5"
"2012","608512","Cameroon","John","150.50","4"
"2012","603191","Ethiopia","Maude","+$151.98","4"
"2010","608512","Libya","Maude","+$158.99","3"
"2015","602878","Mauritania","John","+$105.00","5"
"2015","609138","Chile","John","$210.99","4"
"2016","602565","Papua New Guinea","Raj","+$451.10","4"
"2013","607886","Niue","Jane","116.00","1"
"2010","603817","South Africa","James","441.95","4"
"2014","604443","Turks And Caicos Islands","Mary","230.95","2"
"2011","601000","Aland Islands","Fred","49.95","4"
"2011","601939","Cook Islands","Jane","$413.95","5"
"2015","605069","Gabon","David","$292.00","1"
"2015","601000","Jamaica","Ethyl","+$21.95","1"
"2012","606008","Bangladesh","Jane","+$470.00","4"
"2010","606947","Netherlands","Julie","+$326.99","1"
"2010","603504","American Samoa","Bill","341.95","3"
"2016","602252","Spain","Bob","+96.95","1"
"2010","609138","Kuwait","Sue","464.95","2"
"2016","608512","Bermuda","Raj","+$405.95","3"
"2012","602252","Caucasus","Justine","+340.50","1"
"2011","607573","Malta","Ethyl","+$16.00","3"
"2015","601000","Moldova","Justine","+232.00","2"
"2013","607260","Ecuador","Joan","$109.99","3"
"2011","609451","Equatorial Guinea","Santos","+$352.95","3"
"2013","606947","Turkey","Jim","+$411.95","1"
"2012","604130","Puerto Rico","David","$317.98","1"
"2013","602565","Yemen","Fred","463.98","3"
"2012","605069","Vietnam","Justine","$66.95","3"
"2014","607260","Costa Rica","Fred","297.95","3"
"2010","601626","Niue","Santos","+$291.95","4"
"2014","604443","France","Maude","250.98","1"
"2016","606321","Kuwait","David","$408.95","3"
"2011","603191","Caucasus","Jane","+$193.00","1"
"2010","606321","Moldova","Mary","$28.99","5"
"2016","608825","Germany","Sue","+317.10","3"
"2016","608825","Spain","Julie","+478.50","5"
"2014","602252","South America","Cindy","+301.95","2"
"2010","607573","Southern Africa","David","14.98","3"
"2010","607886","Solomon Islands","David","$148.95","3"
"2010","606321","Suriname","Jane","$21.98","5"
"2015","603504","Romania","Bob","+315.99","4"
"2014","601000","Chile","Maude","$279.98","5"
"2010","602565","Solomon Islands","David","+$265.00","4"
"2015","603504","Nauru","Julie","+204.00","4"
"2012","601939","Marshall Islands","Joan","473.00","3"
"2012","608825","Syria","Fred","+51.00","3"
"2011","607573","Isle Of Man","Raj","+420.10","3"
"2016","608199","Tuvalu","Justine","+$206.99","1"
"2013","602565","Falkland Islands","Mary","$11.95","5"
"2016","609451","Nigeria","John","+$194.00","5"
"2010","602878","Tuvalu","Bob","+$168.95","2"
"2012","601000","Estonia","David","+$321.99","5"
"2016","607886","The West","Bob","$212.95","2"
"2015","604756","Central Asia","Fred","+$127.10","2"
"2014","604756","Sierra Leone","Bob","+$342.00","3"
"2012","602878","Guyana","Bob","303.95","4"
"2015","602878","Luxembourg","Jim","323.00","1"
"2015","602565","Cyprus","David","+$301.95","2"
"2011","605695","Lithuania","Cindy","294.00","1"
"2014","609138","French Guiana","Eric","+$117.95","2"
"2014","604130","West Bank","David","$276.00","5"
"2013","607260","Burkina Faso","Jane","291.95","1"
"2010","609138","Micronesia","Julie","424.99","1"
"2014","607886","Senegal","Cindy","+$169.50","1"
"2012","603191","Mauritania","Bill","+460.00","1"
"2010","605695","Myanmar","Joan","$123.98","1"
"2011","604443","Mayotte","John","+$180.98","2"
"2013","602878","Greenland","Raj","424.99","5"
"2010","601000","Afghanistan","Fred","+$131.99","4"
"2016","608199","Tuvalu","Eric","+298.00","2"
"2016","602252","Central Asia","Justine","+$369.98","1"
"2012","609764","Gambia","Joan","352.00","4"
"2014","609451","Liberia","Joan","203.95","1"
"2013","609764","Asia","Ethyl","+416.95","2"
"2010","607573","Tonga","Mary","+$364.00","4"
"2012","604443","Uganda","Sue","32.10","5"
"2011","607886","Slovakia","Sue","$411.00","2"
"2012","602252","Belarus","Santos","$449.00","1"
"2010","603817","Belgium","Santos","+$11.50","3"
"2016","604756","French Polynesia","Mary","+118.00","4"
"2013","609764","Eastern Europe","Fred","465.10","4"
"2015","607260","Occupied Palestinian Territory","Fred","+123.00","1"
"2016","605069","West Bank","Justine","+$18.98","1"
"2011","604756","Europe","Jane","+491.10","2"
"2011","601000","Portugal","Ethyl","+$224.99","5"
"2014","603817","Turkmenistan","Bob","$80.00","5"
"2011","604756","Montserrat","Mary","473.99","2"
"2015","602565","Europe","Ethyl","261.98","3"
"2012","609138","Bolivia","Maude","$393.99","4"
"2010","608825","Kuwait","Raj","+$285.99","3"
"2011","603191","Bahrain","Bill","$474.95","2"
"2013","601000","Ukraine","Justine","$390.50","5"
"2010","602252","Mozambique","Cindy","25.99","2"
"2016","601000","Albania","Bill","+158.00","5"
"2011","609451","Iraq","Bill","+134.95","2"
"2015","601313","Pitcairn","Ethyl","+$87.95","2"
"2016","606947","New Zealand","Eric","157.00","2"
"2011","607886","East Timor","John","444.50","3"
"2011","602565","Cuba","Fred","318.50","3"
"2012","608199","Palau","Bill","+480.50","4"
"2011","601939","Papua New Guinea","John","+459.98","5"
"2013","607260","Nigeria","Cindy","340.95","4"
"2015","602565","Guyana","Raj","+228.50","3"
"2010","609451","Finland","John","$346.98","3"
"2014","604756","Kenya","Sue","414.98","1"
"2015","608512","Martinique","Eric","+$88.00","3"
"2012","607886","Qatar","Jane","+$307.00","5"
"2012","605382","El Salvador","Cindy","159.95","3"
"2016","609138","Cayman Islands","Eric","+215.95","3"
"2016","602878","Belgium","Eric","+388.95","2"
"2012","606634","North Africa","James","298.00","5"
"2012","607573","Canada","Fred","+$350.50","2"
"2015","601939","Guyana","Sue","150.00","5"
"2014","603504","Mozambique","Jim","+345.00","5"
"2011","608512","Uganda","Julie","+356.95","2"
"2010","606947","Greenland","James","+$221.99","2"
"2015","605695","Malaysia","Jim","+52.95","1"
"2010","604130","Japan","Julie","153.10","5"
"2015","606008","Tanzania","John","+26.99","3"
"2015","603504","Bosnia And Herzegovina","Bob","$136.00","1"
"2015","606947","Honduras","Joan","$85.98","4"
"2014","602565","Ghana","Fred","+$188.95","2"
"2016","603191","Tuvalu","Jim","+491.99","2"
"2013","607886","Estonia","Julie","+492.95","2"
"2010","606321","Aland Islands","Fred","+$183.95","1"
"2013","602565","Namibia","John","$62.10","1"
"2016","606634","Qatar","Bill","430.98","5"
"2014","608825","Antigua And Barbuda","Sue","$271.95","5"
"2010","605382","Mali","Sue","455.99","3"
"2010","602565","Eastern Europe","Bill","+$85.95","4"
"2015","603817","Russia","Raj","372.00","4"
"2013","605695","Niger","Jane","288.00","1"
"2016","607573","Eastern Europe","Maude","385.10","5"
"2010","601626","Tonga","Fred","+$280.99","1"
"2013","606947","Western Sahara","Justine","+452.00","3"
"2012","601626","Sweden","Cindy","440.00","2"
"2015","602565","Canada","James","$399.98","4"
"2012","606008","Democratic Republic Of The Congo","Santos","$172.50","4"
"2015","604443","Kenya","Bill","$136.10","2"
"2013","606008","United Arab Emirates","Jane","$210.99","2"
"2010","609451","East Indies","John","$332.99","5"
"2014","601313","Saudi Arabia","Jane","+206.00","1"
"2011","604130","Norway","Joan","+476.98","2"
"2015","606321","Bermuda","Justine","+$396.00","3"
"2015","608512","Israel","Raj","+477.99","3"
"2011","605069","Lebanon","Justine","+$446.95","5"
"2012","602878","Montenegro","Fred","+$40.95","1"
"2013","609138","Macao","Sue","$385.00","2"
"2010","607573","Maldives","Jim","374.99","3"
"2013","604756","Tuvalu","Sue","$159.99","2"
"2010","601626","Greenland","Maude","461.95","4"
"2015","604443","Indonesia","James","435.95","4"
"2012","601313","Libya","Bill","$133.99","2"
"2013","605069","Algeria","Bill","+396.99","2"
"2014","608199","Democratic Republic Of The Congo","Maude","$293.00","3"
"2016","604756","Papua New Guinea","Jim","+215.00","3"
"2013","605695","Liechtenstein","Sue","$309.00","3"
"2011","604130","Canada","Cindy","425.00","5"
"2013","606947","Pitcairn","Julie","104.50","3"
"2014","604443","Costa Rica","Sue","$179.99","3"
"2016","601939","Uzbekistan","Fred","$207.95","4"
"2015","608825","Madagascar","Santos","471.95","4"
"2013","606008","Tajikistan","Santos","+$329.00","3"
"2015","607573","Asia","Maude","$444.99","1"
"2012","606008","Estonia","Eric","270.00","5"
"2010","603504","Southern Africa","Mary","$33.95","3"
"2016","605695","Ivory Coast","Fred","+100.99","2"
"2012","607886","Vanuatu","Jane","+$436.95","5"
"2013","607886","Cambodia","Raj","+$369.99","4"
"2014","609451","Tajikistan","Jim","+315.99","3"
"2015","609451","Chad","John","+$321.00","1"
"2012","605695","Vanuatu","John","+78.00","4"
"2010","606008","Mongolia","Santos","+301.50","1"
"2013","606008","Guatemala","Joan","468.99","1"
"2010","606321","Central Europe","John","+399.00","4"
"2010","602565","Runion","Sue","$476.00","4"
"2012","606008","Niger","Bob","+247.98","4"
"2016","606947","Macedonia","Bill","+342.00","5"
"2015","608199","Spain","James","+45.99","5"
"2011","606634","Namibia","Fred","$93.99","2"
"2010","605069","Jamaica","Justine","+$215.50","5"
"2014","601626","West Africa","David","+$475.50","3"
"2011","602878","People'S Republic Of The Congo","Cindy","$76.95","5"
"2011","602878","Tonga","Justine","341.00","4"
"2013","606634","Haiti","Maude","52.50","3"
"2010","602565","Mali","Jim","+50.95","1"
"2015","609451","Vanuatu","Santos","+392.99","4"
"2010","602252","Eastern Europe","John","$436.50","1"
"2010","601313","British Virgin Islands","Fred","463.95","3"
"2015","601626","Laos","James","83.95","5"
"2011","601313","South Korea","Sue","+396.95","3"
"2011","601939","South Korea","Ethyl","341.00","2"
"2012","602878","Bahrain","Jane","+315.50","4"
"2015","606008","Caucasus","Raj","+151.95","3"
"2011","602252","Saint Lucia","Bill","$142.95","2"
"2015","606947","Iraq","Ethyl","+229.10","3"
"2013","601626","Laos","Jim","$314.00","1"
"2016","604756","Luxembourg","Maude","357.50","2"
"2012","605069","Faeroe Islands","John","+$160.00","4"
"2010","604130","Svalbard And Jan Mayen Islands","Justine","+83.00","4"
"2015","605382","United States","Jane","+10.99","3"
"2010","609138","Cameroon","Cindy","+$473.98","4"
"2011","608825","West Bank","Santos","236.10","3"
"2011","605382","Svalbard And Jan Mayen Islands","John","+180.99","4"
"2014","609451","Uzbekistan","Fred","$388.95","1"
"2013","606008","Haiti","Maude","$246.00","4"
"2014","603191","Lesotho","Ethyl","+$188.95","3"
"2014","608825","Poland","Bill","$384.99","4"
"2016","601313","Vanuatu","Jim","$100.99","4"
"2012","607573","Montserrat","Ethyl","419.95","2"
"2013","601313","Central Africa","Raj","10.00","2"
"2014","607573","North Korea","David","51.00","1"
"2014","602252","Honduras","David","+287.10","4"
"2015","601313","Vatican City","John","+97.99","2"
"2016","601626","Gabon","Raj","+374.00","3"
"2016","605069","Greenland","Bill","$335.50","2"
"2015","601000","Aland Islands","David","58.00","3"
"2013","606947","Anguilla","Eric","+434.99","2"
"2011","608199","Bahrain","Cindy","86.95","1"
"2016","605069","Swaziland","Mary","429.99","1"
"2015","601626","South Africa","John","381.10","2"
"2010","607573","Persian Gulf","Ethyl","426.99","5"
"2013","608825","Saint Kitts-Nevis","John","+326.99","5"
"2010","601939","South Asia","Ethyl","+62.95","1"
"2012","602252","Bosnia And Herzegovina","Mary","+$233.00","4"
"2010","609138","American Samoa","Mary","218.95","4"
"2016","601313","Nepal","Cindy","$412.95","3"
"2016","607573","Togo","Sue","411.00","5"
"2014","602252","Greece","Bob","+254.99","2"
"2011","606008","Central African Republic","Bill","+$67.00","5"
"2013","606947","Guyana","Eric","102.95","4"
"2012","605382","Central Europe","Jane","235.99","3"
"2014","601313","Portugal","Jim","+$279.95","4"
"2010","607886","Guyana","Joan","+$103.95","3"
"2011","605382","Nauru","David","$475.95","5"
"2011","608199","Samoa","Bill","$377.50","1"
"2010","604756","Italy","Mary","+$357.95","1"
"2010","603191","Myanmar","David","+150.95","5"
"2016","609451","Qatar","Joan","$112.50","1"
"2013","602252","Morocco","Cindy","+419.00","5"
"2011","609138","Saint Helena","Eric","+10.95","3"
"2013","605695","Africa","Cindy","$425.00","4"
"2014","602252","United Kingdom","John","+$178.95","3"
"2014","606321","Djibouti","Mary","+$405.95","2"
"2015","608512","East Timor","John","$253.99","2"
"2015","607886","Canada","Ethyl","$193.98","1"
"2015","601626","Runion","Bob","+342.00","1"
"2011","605069","Nigeria","John","$426.98","2"
"2016","605695","Singapore","Jim","+$341.95","5"
"2014","605069","Guyana","Bill","213.98","1"
"2015","608199","Peru","Maude","190.00","3"
"2014","605695","Central Africa","Santos","$216.00","3"
"2011","604756","Baghdad","Mary","+$104.00","4"
"2015","605382","Bahamas","Jim","$315.00","1"
"2015","604756","Tajikistan","Jim","$404.95","3"
"2011","608512","Malaysia","Bill","$288.00","4"
"2014","605695","West Africa","David","$431.95","1"
"2013","609451","Togo","Ethyl","+$445.00","4"
"2014","604756","Haiti","Maude","$90.00","3"
"2014","609451","Angola","Jane","265.95","1"
"2010","605695","Mediterranean","Raj","+$483.00","3"
"2014","608199","Argentina","Julie","$140.95","4"
"2013","601000","Hong Kong","Jane","+$90.99","5"
"2015","608825","Guadeloupe","Mary","350.99","2"
"2014","602878","Lebanon","David","$253.00","1"
"2012","605382","Norfolk Island","Julie","183.98","3"
"2012","601000","Guatemala","Jim","+$59.00","4"
"2016","602878","Middle East","Jane","$220.10","3"
"2015","608199","Burundi","David","413.00","4"
"2014","602252","Angola","Justine","+433.00","4"
"2014","609451","West Africa","Fred","+$426.00","2"
"2010","604756","Haiti","David","$91.99","5"
"2016","602252","Yemen","Sue","248.95","4"
"2010","607573","Turks And Caicos Islands","David","+437.95","5"
"2014","606008","French Guiana","Fred","+481.98","5"
"2012","602252","East Indies","Bill","+$83.99","1"
"2015","602878","Central Europe","Maude","$139.99","3"
"2012","603817","Guatemala","Fred","97.50","4"
"2010","601313","Chad","Julie","$67.95","4"
"2015","605695","Gambia","Bob","$375.00","1"
"2015","606008","Saint Pierre And Miquelon","Joan","+333.10","3"
"2011","607260","South Africa","Julie","$184.00","5"
"2012","608199","Equatorial Guinea","Jim","$41.95","5"
"2016","604443","Caucasus","John","$418.95","3"
"2016","608199","Central Africa","Justine","+$449.10","2"
"2014","605695","Bahrain","Raj","+$268.50","2"
"2012","608199","Montenegro","Raj","$463.95","1"
"2013","606321","Saudi Arabia","Fred","+252.10","4"
"2014","601939","Cambodia","Bill","$426.00","3"
"2015","601000","Martinique","James","+228.98","1"
"2014","603504","Vatican City","Joan","+35.99","2"
"2010","606947","Georgia","John","49.00","4"
"2013","601626","Central Europe","Jim","+$470.00","3"
"2015","605382","Kenya","John","34.00","2"
"2016","606321","Antigua And Barbuda","Jim","$477.00","3"
"2013","603191","Nicaragua","Santos","107.10","2"
"2010","604443","United Kingdom","James","265.95","3"
"2015","603504","Guinea-Bissau","Joan","+$151.50","4"
"2016","608825","Denmark","Eric","$85.10","4"
"2011","608199","Estonia","Jane","+$371.00","3"
"2012","601313","Tokelau","Julie","+123.00","3"
"2016","604130","Chad","John","286.10","4"
"2014","605382","Liechtenstein","Maude","$353.00","4"
"2016","608825","Southern Africa","Julie","404.99","5"
"2016","606321","Greenland","John","+$110.95","5"
"2012","601000","Lebanon","David","$208.00","2"
"2016","608199","Thailand","Justine","$395.98","5"
"2011","601939","British Virgin Islands","John","218.95","2"
"2011","604130","Botswana","Raj","$27.00","3"
"2015","603817","Montenegro","James","$474.99","1"
"2011","608825","North Korea","Eric","+486.99","2"
"2014","609138","Kazakhstan","Santos","+152.98","1"
"2015","602252","French Polynesia","Fred","$327.00","5"
"2015","604130","Guam","Jane","$141.00","3"
"2011","608199","Paraguay","Bill","61.99","3"
"2016","602878","Egypt","Fred","+300.95","3"
"2013","602565","Slovakia","John","+297.95","1"
"2016","602878","Aruba","James","447.00","1"
"2013","605069","Gibraltar","Cindy","+$89.50","3"
"2014","609764","Saint Pierre And Miquelon","Mary","$44.00","4"
"2010","607260","Honduras","Ethyl","$77.99","2"
"2012","609764","Uruguay","Maude","+212.98","5"
"2013","609138","Nauru","Eric","+$129.00","2"
"2013","608512","Latin America","Cindy","+$286.95","3"
"2015","602565","Mozambique","Sue","+113.99","3"
"2010","603817","Ireland","Sue","+375.99","5"
"2011","609451","Papua New Guinea","Eric","$336.95","2"
"2016","608825","Thailand","Justine","+$208.00","5"
"2012","607573","Bhutan","Fred","+$400.95","5"
"2014","608199","Norway","Maude","+$496.00","3"
"2015","609764","Monaco","Joan","$452.50","1"
"2012","603191","Togo","Joan","+$437.95","2"
"2014","608825","Slovenia","Bob","+395.95","5"
"2013","606634","Mongolia","John","+$37.99","3"
"2015","602565","Latin America","Joan","+236.00","5"
"2010","603504","Slovenia","David","353.98","5"
"2014","609764","Zambia","Maude","$364.10","3"
"2012","604130","Bahamas","Fred","+293.95","1"
"2011","607886","Estonia","Raj","+$359.95","4"
"2011","603817","Jordan","Julie","+89.98","4"
"2014","604443","Palau","Bill","+207.98","5"
"2015","601939","Guinea-Bissau","Fred","$138.95","2"
"2015","605069","Venezuela","Bill","$78.95","2"
"2012","603504","Comoros","Joan","220.95","3"
"2016","608825","Pitcairn","Bob","+67.99","1"
"2013","607260","Equatorial Guinea","Fred","+$148.00","2"
"2015","602878","Nauru","Jane","+469.10","5"
"2011","602565","Bermuda","Maude","232.95","1"
"2016","606321","Vietnam","Eric","211.95","4"
"2011","601000","Estonia","Sue","403.99","5"
"2013","601626","Mauritania","Santos","+$166.00","1"
"2016","602252","Tajikistan","Maude","29.99","5"
"2010","604130","American Samoa","John","+182.00","3"
"2013","609764","Germany","James","$420.99","1"
"2010","604443","Eastern Africa","James","162.00","1"
"2014","608825","Cuba","Santos","+356.95","1"
"2014","607886","Aruba","Santos","$384.00","4"
"2012","601313","India","Raj","+247.95","5"
"2015","601000","Australia","Eric","+$391.95","4"
"2015","607260","Trinidad And Tobago","Mary","+300.99","5"
"2011","602565","Burundi","John","+$234.10","3"
"2015","606634","British Virgin Islands","Eric","$97.95","4"
"2012","605382","Burundi","Ethyl","+301.50","2"
"2014","606634","American Samoa","James","+227.95","2"
"2013","602878","South America","Raj","+312.00","5"
"2010","607573","Philippines","Ethyl","$114.98","3"
"2015","603191","Eritrea","Julie","+$305.00","4"
"2016","608512","Sweden","Joan","488.00","1"
"2012","606947","United States Virgin Islands","Bob","+$375.98","5"
"2016","602565","Hungary","Jane","107.98","1"
"2014","606634","Martinique","Sue","92.95","3"
"2010","606947","Cameroon","Mary","$401.00","2"
"2015","608199","Central Asia","Eric","+$60.00","3"
"2013","608199","South America","Santos","$127.50","4"
"2014","607573","Iraq","Bob","270.95","3"
"2014","603817","Iraq","John","+$220.50","2"
"2016","601939","Norfolk Island","Cindy","$246.00","5"
"2014","609138","Ivory Coast","Justine","316.50","5"
"2013","606947","United States Virgin Islands","Mary","+$190.00","4"
"2011","609138","Cyprus","David","$169.95","4"
"2015","606321","Runion","Ethyl","$487.10","4"
"2010","602252","Thailand","Eric","+$246.50","2"
"2016","608199","Latin America","James","145.95","2"
"2012","602252","East Timor","James","$278.00","4"
"2016","607260","South America","Eric","$30.95","5"
"2013","608512","Haiti","Joan","+$169.10","3"
"2013","603817","Gambia","David","+232.95","1"
"2014","607573","West Bank","Jim","$105.10","4"
"2012","605695","Ecuador","Eric","+$99.00","2"
"2015","601939","Senegal","David","+$386.10","2"
"2016","602878","Slovenia","John","+229.99","3"
"2014","602878","Turks And Caicos Islands","Ethyl","89.99","5"
"2016","604443","Ireland","Eric","+306.99","4"
"2015","605069","Cook Islands","Ethyl","$158.10","2"
"2011","608825","Japan","Raj","$406.95","2"
"2016","607886","Southeast Asia","Justine","$158.99","2"
"2010","606947","Aruba","Ethyl","+$37.10","1"
"2013","609764","Singapore","Joan","415.95","4"
"2011","605069","Greece","Cindy","+36.99","3"
"2013","607886","Peru","James","+$168.10","3"
"2013","601626","Runion","Jane","+205.00","2"
"2011","608825","Cambodia","Bob","+407.99","3"
"2015","608512","Sudan","Santos","+$211.95","5"
"2014","607260","Ivory Coast","Sue","+$267.00","1"
"2014","606947","Mayotte","Eric","+276.99","4"
"2012","601000","Turkey","Justine","$346.00","5"
"2014","606634","Maldives","David","+$38.99","2"
"2014","601000","Middle East","Jane","+310.95","3"
"2011","603817","Mayotte","Santos","171.98","4"
"2015","607573","Finland","David","339.98","2"
"2013","602565","Comoros","Bill","277.99","1"
"2014","606634","Latvia","Julie","$417.95","4"
"2010","603817","Grenada","Julie","388.00","1"
"2013","606947","Ukraine","John","$175.98","5"
"2016","607573","Slovakia","Raj","+38.99","4"
"2012","606947","Lithuania","Fred","$89.95","5"
"2014","608199","Iraq","David","+$376.00","2"
"2010","608512","Greenland","Sue","243.50","1"
"2013","607886","Morocco","John","132.95","3"
"2012","607886","Russia","Santos","+193.98","4"
"2012","608825","Middle East","Cindy","+$243.00","2"
"2011","602565","Gabon","James","$371.00","5"
"2016","601626","Mozambique","Jim","+95.95","2"
"2012","605382","San Marino","Justine","54.00","1"
"2015","606947","Central Asia","Santos","+$38.10","1"
"2010","607886","Bolivia","Justine","$373.00","5"
"2012","608825","Thailand","Maude","+$314.98","5"
"2010","609764","South America","Julie","+57.00","5"
"2010","609138","Chile","Mary","$393.10","3"
"2015","606008","Barbados","Joan","+301.95","2"
"2013","609764","Greece","Mary","262.95","5"
"2010","608512","French Polynesia","Raj","$70.95","3"
"2014","602252","Bahamas","Justine","+337.99","4"
"2014","602252","Svalbard And Jan Mayen Islands","Jane","+176.10","5"
"2013","605069","Greenland","Joan","130.50","3"
"2012","608199","Bahamas","Ethyl","+$472.95","3"
"2016","604756","Portugal","Joan","+286.99","1"
"2014","603504","United States","Bill","+261.98","5"
"2015","602565","Eastern Africa","Bill","439.50","3"
"2011","602878","New Caledonia","Jane","+$194.00","5"
"2013","604130","Isle Of Man","Jane","79.98","2"
"2013","605695","Jamaica","Raj","94.99","3"
"2010","605069","Cambodia","Jim","$232.00","5"
"2010","606321","Chile","John","$45.95","5"
"2010","601939","Mozambique","Mary","$364.99","4"
"2014","603504","South America","John","$481.95","5"
"2010","601000","Bulgaria","Jim","+133.95","2"
"2015","605695","Croatia","Ethyl","55.98","1"
"2014","605382","Zimbabwe","Mary","$476.95","4"
"2014","605382","Svalbard And Jan Mayen Islands","Fred","+$174.00","1"
"2015","605382","Gaza Strip","Ethyl","$488.98","1"
"2013","601313","Madagascar","Jim","+244.95","4"
"2014","604756","Albania","Santos","270.99","4"
"2014","608825","Zambia","Joan","$45.50","2"
"2012","602252","Azerbaijan","David","$140.10","5"
"2012","602565","Pakistan","Santos","386.95","2"
"2010","607573","South Asia","Santos","+234.00","1"
"2011","605382","Jamaica","Mary","+$129.00","2"
"2013","607573","United States","Cindy","+$159.95","4"
"2013","601939","Russia","Jim","+$377.00","5"
"2012","607886","Dominica","Maude","353.99","3"
"2016","602878","Chile","Bill","+$455.00","3"
"2016","609138","Saudi Arabia","Fred","$449.99","2"
"2011","608825","Afghanistan","David","+$252.10","3"
"2010","602878","Iraq","David","$53.98","3"
"2013","601000","Scandinavia","Sue","+25.95","1"
"2011","605695","Cuba","John","+294.00","1"
"2012","604443","Southeast Asia","Eric","+$187.98","5"
"2012","605695","El Salvador","David","$57.00","3"
"2013","606321","Central Europe","Sue","+$176.00","3"
"2012","606321","Nepal","Cindy","292.00","3"
"2016","602878","Lebanon","Bill","+$377.95","1"
"2015","607886","Saudi Arabia","Bob","$486.50","3"
"2010","602878","Netherlands Antilles","Sue","+$110.95","1"
"2013","608199","Nepal","James","+$249.00","5"
"2014","609764","Honduras","Ethyl","438.00","5"
"2013","606634","Myanmar","Fred","$90.99","1"
"2010","609451","Philippines","Joan","379.00","5"
"2014","601626","Africa","David","423.95","4"
"2014","604443","Romania","Justine","46.98","4"
"2010","607573","Aruba","Jim","$191.95","2"
"2012","602878","Guinea-Bissau","David","499.10","4"
"2010","601626","Chad","Sue","$426.00","3"
"2016","602565","Ethiopia","Sue","+370.00","5"
"2010","605069","Balkans","Joan","$344.00","5"
"2011","602252","Brazil","Eric","+69.00","2"
"2012","607886","Slovenia","Jane","+$259.00","3"
"2015","606634","Baghdad","Joan","25.00","5"
"2010","607260","Hungary","Ethyl","251.00","4"
"2014","609138","Morocco","Maude","+$84.10","4"
"2012","604756","Barbados","James","$372.99","4"
"2015","607573","Switzerland","Bob","+$79.00","3"
"2012","607886","India","Ethyl","$461.50","1"
"2013","606947","Mozambique","Eric","379.00","3"
"2011","601313","Montenegro","Sue","+$113.00","4"
"2010","602565","South Africa","Julie","47.00","4"
"2014","603504","New Caledonia","Bob","441.50","2"
"2014","601313","Bhutan","David","+$165.50","5"
"2014","607260","Argentina","Jim","+$230.95","4"
"2013","601313","Zambia","Raj","+367.50","3"
"2010","603191","Europe","Bill","$343.00","5"
"2013","606321","Martinique","Eric","201.95","1"
"2013","607573","Costa Rica","Fred","+464.95","3"
"2012","601939","Guinea-Bissau","Raj","361.98","3"
"2012","609451","Azerbaijan","Cindy","$362.00","1"
"2014","609764","Laos","Maude","+$119.98","2"
"2010","603191","Belize","Bob","$337.99","1"
"2013","602252","Morocco","Bill","+$148.99","3"
"2015","607573","Poland","Ethyl","+$253.99","4"
"2011","601626","Saint Vincent And The Grenadines","John","+$217.95","5"
"2010","607260","Faeroe Islands","Raj","+$10.00","3"
"2016","607573","Southeast Asia","Jim","$176.00","1"
"2010","602878","Latvia","Santos","206.98","5"
"2012","607886","Eritrea","Justine","$346.95","2"
"2010","609764","Saint Pierre And Miquelon","James","$103.00","4"
"2012","603817","Sao Tome And Principe","Santos","$195.00","1"
"2015","604130","Micronesia","Bill","$60.00","1"
"2013","601000","Western Sahara","Cindy","+$280.00","4"
"2013","603504","Runion","Eric","$188.99","5"
"2015","609138","Russia","John","+29.99","1"
"2012","601000","Samoa","Eric","53.00","1"
"2012","605695","Malawi","Cindy","+$189.99","2"
"2012","602565","Solomon Islands","Cindy","+439.00","3"
"2012","608199","Saint Vincent And The Grenadines","Bob","+465.99","1"
"2013","603504","Burkina Faso","Fred","+74.98","4"
"2010","606321","Sudan","Maude","$392.95","3"
"2011","607260","Chile","Fred","+88.99","5"
"2014","606008","Caribbean","Eric","106.99","3"
"2013","608199","Nauru","Fred","+$58.50","1"
"2016","607886","North Korea","Jane","+$494.98","3"
"2011","602878","Trinidad And Tobago","Fred","+$82.98","1"
"2016","601000","Guatemala","Maude","$193.50","3"
"2010","606947","Portugal","Santos","+217.99","4"
"2010","607573","Malta","Jane","+$38.50","1"
"2012","601939","Sao Tome And Principe","Mary","+$458.99","1"
"2011","605382","Saint Kitts-Nevis","Santos","+$150.99","4"
"2016","605382","Mongolia","Fred","+$243.95","5"
"2016","604443","Azerbaijan","John","50.95","1"
"2015","606634","Thailand","Ethyl","261.50","2"
"2011","604130","Bulgaria","Justine","$77.95","5"
"2014","605382","Portugal","John","163.00","5"
"2011","608512","Nigeria","Bill","$183.00","1"
"2012","601626","Belarus","Ethyl","+$95.00","3"
"2015","601626","Andorra","David","+472.95","2"
"2013","601313","Turkey","Mary","+34.00","4"
"2014","604756","Azerbaijan","Julie","+394.99","3"
"2012","604756","Gibraltar","Julie","+$308.00","4"
"2010","608512","Belgium","Cindy","79.95","2"
"2011","604443","Persian Gulf","James","+$87.00","3"
"2014","606008","Aland Islands","Jim","152.95","4"
"2013","607886","Peru","Cindy","+136.95","2"
"2015","608825","Romania","John","+$300.00","5"
"2012","607573","Lebanon","James","+$146.95","5"
"2013","604756","Albania","Cindy","493.10","3"
"2014","603191","Hong Kong","Jane","+$384.95","2"
"2014","606947","Papua New Guinea","Eric","+$432.00","2"
"2015","602878","South Asia","Cindy","+$263.99","5"
"2013","604443","Palau","Fred","$89.95","4"
"2013","606321","Cayman Islands","Bob","212.98","5"
"2015","602565","Antigua And Barbuda","David","$446.00","1"
"2016","607886","Gabon","Cindy","421.98","2"
"2014","608825","Cuba","John","$409.98","2"
"2015","604756","Democratic Republic Of The Congo","Cindy","+190.99","1"
"2010","603504","New Caledonia","Sue","+201.95","4"
"2010","602878","Central Asia","Joan","+26.95","4"
"2015","605695","Canada","Jim","323.10","4"
"2016","606008","Czech Republic","Jim","+341.95","1"
"2013","602252","Bangladesh","Fred","356.10","1"
"2012","602565","Georgia","James","+$350.98","3"
"2015","601939","Mexico","John","$228.10","4"
"2015","604130","Georgia","Bill","+55.99","2"
"2014","609764","Cayman Islands","Raj","216.99","3"
"2010","603504","Burkina Faso","Cindy","+$10.98","5"
"2011","606947","Gibraltar","Bill","+$242.99","2"
"2014","601000","Mauritius","Joan","+$22.98","3"
"2011","609451","Singapore","Eric","$259.00","3"
"2016","605695","Tajikistan","Joan","$233.99","1"
"2011","604130","Hong Kong","David","+132.95","5"
"2014","606321","Yemen","Mary","+210.99","1"
"2016","609451","Gaza Strip","Jim","+$177.00","5"
"2015","604130","Monaco","Sue","+$119.00","1"
"2014","603191","Cuba","Santos","446.99","5"
"2014","607260","Tuvalu","Ethyl","+$236.95","5"
"2016","601939","Faeroe Islands","Julie","+$72.95","3"
"2011","605382","Solomon Islands","Maude","+287.50","5"
"2013","606321","Netherlands Antilles","David","+$87.10","4"
"2011","608199","Barbados","Jim","$69.00","3"
"2011","602565","Solomon Islands","Bob","$211.50","1"
"2010","601626","Palau","Joan","+151.98","5"
"2012","601626","Latvia","Jane","+379.98","5"
"2016","603191","Latvia","James","19.95","3"
"2013","604130","Papua New Guinea","Jane","$495.95","3"
"2012","606008","Israel","Maude","+449.99","5"
"2013","608825","San Marino","David","+$53.95","2"
"2013","602252","Anguilla","Fred","287.50","5"
"2010","608199","Kyrgyzstan","Jim","260.00","5"
"2010","602565","Malaysia","Sue","+$221.00","3"
"2016","602565","Kuwait","Joan","25.99","1"
"2012","603504","Turkey","Mary","171.10","1"
"2014","603504","Gabon","Cindy","208.95","3"
"2015","603817","Equatorial Guinea","Julie","+331.00","2"
"2010","605382","Nigeria","Raj","$386.95","1"
"2013","601000","Panama","Bill","+375.50","1"
"2015","601939","Afghanistan","Fred","+271.98","2"
"2015","604130","Luxembourg","Eric","+140.99","3"
"2010","601313","United States Virgin Islands","Eric","+179.00","3"
"2016","609138","Russia","James","+$383.00","2"
"2012","603817","Seychelles","Cindy","$392.00","3"
"2012","603817","Gambia","Bob","+$320.50","5"
"2010","608199","Uzbekistan","Eric","$61.98","2"
"2014","607260","Barbados","Julie","245.95","3"
"2010","603504","Bahrain","Joan","$422.99","3"
"2014","607573","Guam","Joan","312.99","3"
"2010","604130","Canada","Ethyl","$93.10","4"
"2013","606008","Japan","Ethyl","$228.99","5"
"2010","601313","Uruguay","Fred","$425.10","4"
"2015","605695","Slovenia","Joan","+360.10","1"
"2014","602565","Costa Rica","David","$237.00","5"
"2012","601939","Indonesia","Maude","+132.00","5"
"2014","602252","Norway","Fred","$279.10","3"
"2015","601313","Anguilla","Eric","$302.99","1"
"2011","607886","Niger","Cindy","+$262.10","5"
"2010","601626","Slovenia","Jane","+184.99","4"
"2016","605695","American Samoa","Cindy","+$387.95","2"
"2012","602252","Equatorial Guinea","Jim","+$418.00","1"
"2013","607260","Aruba","Bob","397.95","1"
"2016","602252","Saint Pierre And Miquelon","Maude","$92.99","1"
"2014","606008","Ghana","Sue","$75.00","1"
"2015","608199","Niger","Justine","+$261.00","5"
"2013","603504","Portugal","James","+$154.98","4"
"2015","604756","Falkland Islands","Santos","$334.50","1"
"2012","602565","Bangladesh","Bob","201.00","4"
"2016","606008","Ghana","David","+399.95","3"
"2011","609138","Falkland Islands","Joan","$250.00","5"
"2014","606321","Mauritania","Mary","$247.10","4"
"2010","602878","Southern Africa","Jane","+260.95","1"
"2014","609764","Antigua And Barbuda","Joan","$351.95","1"
"2014","602252","Seychelles","Joan","+332.00","5"
"2011","607886","Kiribati","Jane","+118.00","2"
"2011","608512","Martinique","David","+170.99","5"
"2016","606321","Slovenia","John","$74.99","1"
"2014","604443","Netherlands Antilles","Bill","+$129.95","4"
"2014","605382","Pakistan","Ethyl","+398.99","5"
"2011","606947","Chad","Jim","+$68.95","4"
"2014","606321","San Marino","Mary","$273.00","4"
"2010","608825","Bosnia And Herzegovina","Bill","160.00","4"
"2014","603817","Cuba","Fred","+232.10","5"
"2012","608512","Ghana","Sue","+440.99","2"
"2016","606947","Malaysia","John","+474.99","3"
"2012","606321","East Timor","Fred","36.00","2"
"2012","602252","Runion","Santos","$398.98","4"
"2015","609138","Caribbean","John","122.99","4"
"2014","604130","Nicaragua","Maude","$267.10","1"
"2011","602878","Africa","Maude","$28.95","3"
"2014","602565","Comoros","Bob","+$89.98","5"
"2013","608199","Scandinavia","Fred","+427.95","4"
"2015","604756","Label","Bob","+$137.98","3"
"2011","601626","Switzerland","Mary","319.00","5"
"2013","606321","Bermuda","Bob","380.00","1"
"2015","601000","South Asia","Jane","+450.99","3"
"2011","601626","Japan","Julie","+$380.50","1"
"2010","609451","Wallis And Futuna Islands","Cindy","+56.00","4"
"2016","609451","Paraguay","John","$358.10","3"
"2016","607260","Netherlands Antilles","Fred","471.00","5"
"2011","604130","Zimbabwe","David","+$493.99","5"
"2014","608825","Belize","David","441.10","5"
"2014","605069","Spain","Maude","+$450.95","5"
"2014","602565","Occupied Palestinian Territory","Sue","470.95","1"
"2015","609138","Ecuador","James","+$121.95","5"
"2010","607886","Middle East","John","$322.00","1"
"2012","608825","Argentina","James","+440.95","5"
"2015","607886","Eastern Africa","Jim","$305.98","1"
"2010","603817","Cape Verde","Ethyl","70.95","4"
"2016","602878","Bulgaria","Santos","+444.95","2"
"2016","608512","Dominica","Maude","$232.00","5"
"2014","608825","Kazakhstan","Bob","86.00","3"
"2016","606321","Tuvalu","Sue","+435.99","1"
"2011","602565","Tuvalu","Julie","+190.00","3"
"2012","608199","Gaza Strip","Bill","+91.95","4"
"2010","608825","Hungary","Raj","45.99","5"
"2011","607573","Kyrgyzstan","Bob","373.98","4"
"2012","603504","Hungary","Fred","402.99","4"
"2013","607886","Mozambique","Justine","176.99","5"
"2016","609451","Turks And Caicos Islands","Sue","$95.00","5"
"2015","602565","Papua New Guinea","Fred","+$270.10","4"
"2010","601000","Tuvalu","Jim","+319.00","1"
"2013","604756","Faeroe Islands","Joan","+$285.99","1"
"2011","608199","Kyrgyzstan","Justine","+$478.00","1"
"2010","609764","Nicaragua","Julie","326.00","5"
"2010","607886","Ethiopia","Cindy","$140.00","5"
"2016","602565","Thailand","Joan","+$378.00","1"
"2012","604443","Vanuatu","Ethyl","+479.98","1"
"2012","602252","Montenegro","Santos","+$185.10","1"
"2011","604130","Azerbaijan","Ethyl","107.99","2"
"2016","607573","Isle Of Man","Joan","$126.00","2"
"2012","607260","Faeroe Islands","Cindy","+$220.50","1"
"2013","607886","Uruguay","Joan","+$338.10","3"
"2015","601000","Svalbard And Jan Mayen Islands","Bill","158.10","5"
"2016","606634","Moldova","John","+$127.00","1"
"2011","605382","Cambodia","Mary","+$485.00","2"
"2014","604130","Mediterranean","Fred","+$191.99","5"
"2015","609451","Southeast Asia","Joan","+247.00","1"
"2015","609138","Japan","Joan","+$400.00","4"
"2013","605069","South Africa","Joan","$281.50","3"
"2011","601000","Europe","Maude","+187.98","2"
"2010","607260","Tanzania","Mary","+415.95","2"
"2016","603191","Columbia","Julie","+469.10","5"
"2011","605069","Suriname","Bill","$393.95","5"
"2014","604756","Romania","Maude","+344.99","3"
"2015","609138","Andorra","Raj","+115.98","5"
"2011","603504","Gibraltar","John","+469.95","5"
"2010","607260","West Africa","Jane","+341.99","3"
"2016","601313","Portugal","Julie","279.95","3"
"2013","606008","Burundi","Julie","+307.50","3"
"2012","605382","Sri Lanka","Julie","+63.50","5"
"2014","608825","Kyrgyzstan","Justine","+333.95","4"
"2014","607886","India","David","+345.99","3"
"2011","605382","Slovakia","Bob","+$220.99","1"
"2013","603191","Ecuador","Sue","459.10","2"
"2011","606947","Algeria","Sue","$175.98","4"
"2015","602565","Morocco","Sue","+$380.99","2"
"2013","605069","Papua New Guinea","Jim","$148.10","5"
"2016","607573","Latin America","Jane","+$53.95","1"
"2011","603817","Cayman Islands","John","+498.50","4"
"2014","606321","Portugal","Raj","$344.95","1"
"2014","608512","Netherlands Antilles","Ethyl","+$132.00","4"
"2012","609138","Jordan","Bill","+$304.95","1"
"2016","603191","Monaco","Cindy","+221.00","1"
"2014","607573","Benin","Santos","$171.95","2"
"2011","601939","Belize","Cindy","105.00","4"
"2013","604130","Faeroe Islands","Ethyl","+$252.99","1"
"2012","602252","Mauritania","David","+408.00","3"
"2015","608512","Brunei Darussalam","James","$363.00","3"
"2013","603817","Isle Of Man","Mary","+$338.00","4"
"2012","606321","Turkmenistan","Julie","76.98","3"
"2014","605069","Gaza Strip","Ethyl","$496.50","3"
"2011","607886","Persian Gulf","Eric","+$408.00","5"
"2016","608825","Gaza Strip","Justine","+$259.00","3"
"2012","608512","Ecuador","Sue","+144.00","2"
"2016","606321","Romania","Joan","+283.95","3"
"2013","601939","Sudan","Jim","+$150.95","1"
"2015","603504","Spain","Julie","+$328.50","4"
"2013","605382","Tokelau","Maude","+283.50","5"
"2013","602878","Ivory Coast","Fred","+$425.95","2"
"2012","601939","Morocco","Eric","456.00","2"
"2012","606008","Denmark","Ethyl","29.95","5"
"2013","603191","Guinea-Bissau","Maude","34.99","5"
"2011","603817","Bosnia And Herzegovina","Eric","+$312.98","2"
"2016","602565","Poland","Cindy","344.95","4"
"2011","606008","Scandinavia","Eric","+$234.00","1"
"2014","602565","Namibia","Sue","+$38.99","4"
"2011","601000","Ireland","Justine","257.00","2"
"2013","602565","Australia","Cindy","+175.50","1"
"2010","608512","Venezuela","John","+148.95","5"
"2010","607886","Gaza Strip","Cindy","+238.10","3"
"2013","602252","Latvia","Bill","34.95","2"
"2016","603817","Indonesia","Santos","+$436.00","3"
"2014","601939","Tuvalu","Julie","$344.00","1"
"2010","607260","Central Africa","Maude","$245.95","2"
"2011","604443","Middle East","Mary","+$335.95","5"
"2010","609138","Yemen","David","+426.00","2"
"2016","606008","Cayman Islands","Justine","+28.00","2"
"2010","602252","Thailand","John","$20.00","1"
"2011","606947","South America","Fred","+$479.98","5"
"2015","603817","Gibraltar","Jim","$232.99","2"
"2011","602565","Northern Mariana Islands","Cindy","197.98","1"
"2012","608512","Argentina","James","+311.00","2"
"2013","607573","Mongolia","Sue","+$461.00","2"
"2015","609764","Saint Pierre And Miquelon","David","+391.00","5"
"2014","604130","Norway","Bill","$463.98","2"
"2012","607573","Ireland","Ethyl","+$329.98","5"
"2012","603191","Latin America","Jim","48.00","1"
"2013","604130","El Salvador","Mary","$378.00","2"
"2015","609764","Southeast Asia","Maude","85.95","2"
"2015","608199","Qatar","Justine","$307.00","1"
"2012","608825","Malta","Eric","+$287.10","2"
"2016","603191","Saint Vincent And The Grenadines","Santos","$68.95","2"
"2010","601000","South Asia","Raj","+$188.99","3"
"2012","609138","Balkans","Fred","246.95","4"
"2015","601000","Tuvalu","Ethyl","+212.50","5"
"2011","609138","Sao Tome And Principe","Joan","449.99","5"
"2012","605382","United States Virgin Islands","Raj","+317.00","1"
"2014","607886","Ghana","Maude","+491.95","2"
"2015","602252","Vietnam","Raj","+465.10","2"
"2015","601939","Chile","Sue","+$477.00","1"
"2013","607886","Saint Pierre And Miquelon","Eric","+96.95","1"
"2014","605695","Runion","Cindy","+$178.00","3"
"2011","609451","Middle East","Bob","$214.00","1"
"2015","606321","Kuwait","Julie","+354.99","3"
"2012","608199","Niger","Fred","322.00","2"
"2010","607260","Southern Africa","David","222.00","5"
"2010","609138","Europe","Jim","+403.00","3"
"2013","606634","India","James","$330.98","2"
"2010","606008","Lesotho","Cindy","290.10","2"
"2016","601313","Philippines","Santos","35.10","4"
"2016","608825","Mayotte","Santos","108.00","2"
"2016","604756","Peru","Mary","209.95","1"
"2010","603504","Eastern Europe","Mary","+354.95","1"
"2013","605382","Trinidad And Tobago","David","$273.00","1"
"2014","609764","Argentina","Bill","216.00","3"
"2015","605695","Kuwait","Sue","+$122.00","5"
"2015","607573","Guadeloupe","Mary","140.50","2"
"2011","609138","Marshall Islands","Bill","158.95","5"
"2012","605695","Bosnia And Herzegovina","Maude","433.95","1"
"2015","601939","Hungary","Mary","+79.99","5"
"2012","605069","Burundi","Sue","+481.95","2"
"2015","602878","French Guiana","Bob","$9.99","1"
"2011","602878","Bosnia And Herzegovina","Santos","$434.00","5"
"2011","606321","Ghana","Raj","+38.95","4"
"2010","608512","Micronesia","Santos","+$485.00","1"
"2011","601626","Cambodia","Joan","$381.98","1"
"2012","609764","Solomon Islands","Eric","$379.00","4"
"2012","604443","Seychelles","Bob","+$344.00","2"
"2012","608825","Paraguay","Justine","+$430.50","3"
"2010","601939","Runion","Justine","$255.00","4"
"2014","608199","Honduras","Raj","+420.98","4"
"2013","605382","South America","Eric","$242.00","3"
"2014","601000","Palau","Fred","+223.00","1"
"2014","602565","Guatemala","John","145.95","5"
"2010","602565","Australia","Joan","+$243.99","4"
"2012","604756","Dominica","Justine","+465.99","2"
"2014","602878","Cape Verde","Fred","$444.00","4"
"2011","608825","Indonesia","Santos","+114.00","1"
"2010","604443","Philippines","John","96.98","3"
"2013","609451","Eastern Africa","David","+407.50","5"
"2015","603504","Democratic Republic Of The Congo","Jane","+$180.95","1"
"2010","602878","Sudan","Santos","417.00","5"
"2014","608512","Jordan","Jane","+344.00","3"
"2014","602878","Ecuador","Ethyl","+183.99","4"
"2015","603191","Netherlands","Raj","+$247.99","5"
"2015","607886","French Polynesia","David","425.99","2"
"2010","605695","Finland","Raj","+100.95","4"
"2014","605695","Chile","Santos","+$260.00","1"
"2013","606947","Papua New Guinea","Jim","+$485.95","2"
"2016","603817","New Zealand","Jane","307.00","1"
"2013","607260","Austria","Sue","+85.00","1"
"2014","606947","Label","David","+$434.95","4"
"2015","606634","Hong Kong","Julie","216.95","5"
"2012","601000","Saudi Arabia","Cindy","+480.99","1"
"2012","606321","Occupied Palestinian Territory","Raj","+$274.00","3"
"2012","608199","Papua New Guinea","Sue","207.95","1"
"2013","607573","Ethiopia","Julie","+$335.99","1"
"2016","601626","Asia","Jim","121.00","5"
"2011","605069","Haiti","Jane","$98.95","5"
"2012","607886","Switzerland","Bob","$380.95","4"
"2011","601939","Micronesia","Raj","$317.00","5"
"2010","601939","South America","Santos","+$143.95","1"
"2011","603191","Russia","Santos","$486.99","1"
"2012","602252","Saudi Arabia","Bob","$165.99","4"
"2015","605069","Gabon","Mary","417.50","5"
"2013","606634","Iraq","James","$170.50","1"
"2014","603191","Bosnia And Herzegovina","Maude","$138.95","4"
"2010","605695","Portugal","Bob","+175.99","3"
"2011","604756","France","Mary","$96.99","2"
"2010","608512","Belgium","Justine","+32.99","5"
"2015","604443","Germany","Ethyl","+$49.95","2"
"2010","609138","Madagascar","James","+133.99","3"
"2014","602878","Botswana","Bob","+404.95","1"
"2012","604443","Kuwait","Jim","$19.00","3"
"2012","609764","Kyrgyzstan","Cindy","$457.00","2"
"2011","607260","East Timor","Jim","$95.00","5"
"2010","609764","Balkans","John","201.50","4"
"2016","601000","Dominican Republic","Sue","352.00","3"
"2014","608825","Guyana","Justine","+$490.00","5"
"2011","601939","Cameroon","Jim","$125.99","5"
"2011","602565","Guadeloupe","Julie","+$149.10","3"
"2014","601626","Ukraine","Jane","+33.99","1"
"2015","609764","Italy","Eric","59.10","2"
"2016","606321","French Polynesia","Justine","+471.00","1"
"2015","603504","Bahamas","David","+$95.99","5"
"2014","607573","Greece","Bob","+23.98","4"
"2014","606008","Indonesia","Bill","+89.00","3"
"2013","604756","Kenya","Julie","+309.99","3"
"2015","601313","Iran","Jane","381.00","4"
"2011","602878","Papua New Guinea","Julie","364.95","3"
"2011","607260","Saint Pierre And Miquelon","Sue","+$217.50","1"
"2011","602565","Belize","Bill","$422.00","1"
"2012","607886","Monaco","Jane","$215.99","4"
"2014","604443","Vanuatu","Jim","33.00","5"
"2012","606321","Canada","Joan","+14.99","2"
"2015","601313","India","Raj","+450.95","2"
"2012","608199","Vietnam","Bill","213.00","4"
"2014","608825","Nicaragua","Bob","366.95","1"
"2011","602565","Nauru","Jim","+$170.99","1"
"2011","604756","Jamaica","Maude","+320.95","4"
"2010","601000","Kazakhstan","Cindy","+414.00","3"
"2011","601313","Ecuador","James","+$333.95","5"
"2012","607886","Uzbekistan","Raj","269.98","1"
"2015","608512","Yemen","David","+$219.00","4"
"2011","608512","Bahamas","Maude","117.95","5"
"2010","604130","Marshall Islands","John","+47.95","5"
"2014","608199","Sierra Leone","Bill","+$146.50","5"
"2013","601626","Canada","Bob","$433.10","1"
"2016","606634","Ethiopia","Justine","$259.00","3"
"2016","609764","Saint Helena","John","+236.00","4"
"2014","607573","Portugal","James","+$499.00","5"
"2013","607573","Faeroe Islands","John","+133.99","4"
"2013","606947","Iraq","Maude","233.95","1"
"2010","605382","Tokelau","Bill","+$102.95","5"
"2016","603191","Gambia","Maude","$385.10","1"
"2015","607886","Germany","Julie","+$160.00","4"
"2011","606321","Belarus","Jane","$180.00","3"
"2010","601939","Nicaragua","Julie","+$407.00","1"
"2013","606008","Vanuatu","Maude","+347.99","2"
"2016","603504","Bahamas","Julie","$239.95","4"
"2015","605069","Central Asia","Bob","81.98","5"
"2014","607260","Faeroe Islands","Fred","+$131.10","4"
"2011","601939","Hong Kong","James","+$284.10","1"
"2014","606634","Chad","Bill","168.10","2"
"2011","606008","Saint Helena","Cindy","+354.00","1"
"2015","604130","Venezuela","Cindy","$472.99","3"
"2013","607260","Japan","Julie","51.95","5"
"2015","604443","Persian Gulf","Joan","$489.10","3"
"2013","604443","Lithuania","Fred","169.95","2"
"2011","605695","East Timor","Joan","+$57.50","1"
"2014","605382","Albania","Raj","+$76.95","2"
"2014","602565","Chile","Bill","$341.00","4"
"2016","604756","Israel","Cindy","$194.95","2"
"2012","604756","Occupied Palestinian Territory","Jim","+$43.00","2"
"2013","603504","Democratic Republic Of The Congo","Fred","261.95","5"
"2016","605382","Burundi","Maude","+316.95","5"
"2015","607573","Argentina","Eric","$326.00","5"
"2013","607886","Costa Rica","Sue","+184.00","3"
"2013","608512","Bahamas","Eric","$382.95","2"
"2013","608199","United Arab Emirates","Jane","89.98","1"
"2011","605695","Guatemala","Raj","+224.95","2"
"2015","605382","Somalia","David","$73.95","2"
"2010","605695","Columbia","Joan","153.00","5"
"2011","607886","Kuwait","Raj","+96.00","1"
"2014","609138","Equatorial Guinea","Sue","+$283.95","4"
"2014","606634","Western Sahara","Santos","159.00","2"
"2016","609138","The West","Fred","$208.95","3"
"2016","606008","Libya","Mary","+120.50","5"
"2016","609138","Ethiopia","Julie","$355.95","2"
"2012","607573","Gibraltar","Jane","+301.98","2"
"2015","609138","Tonga","David","$461.99","2"
"2016","608825","Tokelau","Bill","$355.95","4"
"2012","606634","Aland Islands","Bill","197.95","5"
"2010","602565","Netherlands","Eric","+$134.99","1"
"2016","609138","Maldives","Joan","$446.95","5"
"2015","606008","Macao","Justine","$194.99","2"
"2016","601313","Syria","Bob","+264.95","3"
"2016","601313","Angola","Santos","173.95","2"
"2015","607886","Afghanistan","Sue","$459.95","1"
"2013","606321","United States","James","+15.00","4"
"2015","606947","Wallis And Futuna Islands","Eric","+52.10","2"
"2014","608512","Oman","Justine","+278.00","5"
"2012","601313","Hungary","Bill","320.00","1"
"2016","609451","Montserrat","James","83.99","1"
"2010","609138","French Guiana","John","334.50","5"
"2013","605695","Hungary","Jim","+$463.95","5"
"2012","603817","Lebanon","Santos","$384.95","3"
"2012","607886","Malawi","Santos","+490.99","5"
"2015","602878","Somalia","Joan","+374.98","5"
"2013","601626","Romania","Cindy","489.00","2"
"2015","601626","East Indies","Maude","+$129.98","4"
"2010","602565","Algeria","Justine","+$265.50","3"
"2010","602878","Cameroon","David","+172.95","5"
"2012","601000","Paraguay","Cindy","+180.00","2"
"2011","608825","Anguilla","Maude","$327.95","5"
"2012","606321","Caribbean","David","$276.50","5"
"2011","605695","Hong Kong","John","253.95","5"
"2016","606947","Slovenia","Eric","+380.00","3"
"2015","608199","Swaziland","Santos","+338.99","5"
"2014","604130","Japan","Santos","$422.95","2"
"2011","606947","Somalia","Bill","$230.95","1"
"2010","604756","Saint Lucia","Joan","$201.95","4"
"2010","601626","Armenia","Raj","370.10","3"
"2011","603191","United Kingdom","Santos","201.98","5"
"2013","605069","Cambodia","Joan","+$240.95","1"
"2014","608199","Gambia","Justine","+492.00","1"
"2011","608825","Kuwait","John","$206.98","5"
"2014","602878","Albania","Sue","+$110.95","3"
"2015","601313","Southern Africa","Mary","+441.00","1"
"2014","609451","Liberia","Joan","234.00","1"
"2015","608825","Aruba","Joan","249.00","3"
"2010","603191","Costa Rica","Bob","+349.10","5"
"2011","606634","Haiti","Justine","321.50","2"
"2014","605069","Country_Desc","Justine","+425.00","5"
"2011","609138","Ethiopia","Santos","$496.95","4"
"2014","608512","Saint Lucia","Raj","+59.99","2"
"2016","601313","Label","Bill","+$413.00","2"
"2012","608825","Gibraltar","Ethyl","+138.95","1"
"2010","602565","Italy","Bob","+$438.00","3"
"2013","607886","Lithuania","Jane","+$467.98","1"
"2014","606321","West Africa","Bill","+291.50","4"
"2010","603817","The West","Joan","+$137.99","1"
"2013","604443","Haiti","Cindy","+$246.50","2"
"2013","602878","Guatemala","Bill","+137.50","1"
"2014","601000","Andorra","Julie","+$374.95","3"
"2015","604756","Botswana","Ethyl","+150.99","3"
"2010","603504","Tunisia","Jane","+$177.95","1"
"2012","604130","Croatia","Santos","+432.00","5"
"2013","602878","North Korea","Maude","+$332.00","1"
"2013","605069","East Timor","Maude","+$411.50","4"
"2015","602878","Caucasus","Joan","+189.10","5"
"2015","609138","Saint Lucia","Cindy","$24.00","3"
"2013","603191","Swaziland","Fred","+328.00","1"
"2010","603504","Burkina Faso","Julie","$358.00","1"
"2010","606321","Vatican City","Joan","$284.00","2"
"2010","607260","Europe","Mary","$379.00","3"
"2010","608825","Antigua And Barbuda","Fred","$9.98","1"
"2013","604130","Oman","Jane","478.00","4"
"2016","601626","Swaziland","Julie","+$17.00","3"
"2013","608512","Burundi","Fred","385.00","2"
"2016","601000","Austria","Bob","+$145.95","1"
"2011","603191","Guam","John","$49.95","4"
"2010","609138","Austria","Maude","+428.00","3"
"2011","606008","Costa Rica","Sue","305.00","1"
"2011","603191","Aruba","Mary","+461.95","5"
"2013","602252","Martinique","David","+$169.98","2"
"2014","605695","Equatorial Guinea","Raj","$472.95","1"
"2011","602252","Asia","Joan","193.99","2"
"2010","608512","Moldova","Jane","396.99","3"
"2016","601626","Finland","Jane","+$83.95","3"
"2016","606634","Latin America","Sue","+$296.00","1"
"2011","605695","Vatican City","Eric","+406.99","5"
"2012","601626","Tunisia","Joan","313.00","2"
"2015","603191","Montserrat","Julie","391.95","1"
"2011","602252","North America","Santos","+$496.00","5"
"2013","605069","China","Bill","+163.00","3"
"2012","609451","Mauritius","Cindy","23.95","5"
"2010","602252","Tuvalu","Santos","+87.50","4"
"2013","601939","Mayotte","Raj","$225.99","1"
"2010","606321","Somalia","Mary","50.99","1"
"2012","606947","Sweden","Joan","71.50","3"
"2015","606634","Malawi","John","$418.95","4"
"2016","602252","Malta","Bob","+269.95","2"
"2013","608199","Italy","Raj","$187.00","5"
"2013","606321","West Africa","Santos","+43.98","3"
"2014","601313","Scandinavia","John","311.98","4"
"2011","608512","Swaziland","Maude","$82.00","2"
"2011","606634","Armenia","Fred","478.99","2"
"2011","608825","Netherlands","Ethyl","+$266.98","2"
"2013","606008","Libya","Jim","+$128.00","2"
"2013","606947","Haiti","Jane","312.00","4"
"2011","609138","Guinea","Cindy","+176.00","2"
"2012","602878","Peru","Jane","$304.00","5"
"2013","604130","Laos","Santos","$27.00","4"
"2015","602878","South Asia","Fred","187.98","4"
"2015","606947","Brazil","John","+$460.00","4"
"2010","605382","South Africa","Bill","+149.99","1"
"2012","601000","Liechtenstein","Fred","+379.00","4"
"2015","601313","Iraq","Mary","$235.10","4"
"2013","609764","West Bank","Maude","$299.99","3"
"2016","609138","Singapore","Sue","+$235.95","1"
"2011","602878","Suriname","Ethyl","+349.00","5"
"2015","602565","Czech Republic","Mary","+$421.00","1"
"2015","609764","Central Africa","Maude","+171.95","4"
"2016","602565","Morocco","Bob","371.00","2"
"2013","601939","Tonga","David","$158.99","4"
"2010","607260","Mediterranean","James","+$463.98","3"
"2016","606947","Burundi","Bob","+96.50","4"
"2013","606008","Niue","David","+170.95","4"
"2011","606321","Nigeria","David","+24.99","3"
"2012","608512","Libya","Ethyl","176.95","1"
"2012","607573","Russia","James","+482.00","4"
"2011","609451","India","James","143.00","4"
"2015","606008","Mauritania","David","+135.50","3"
"2011","606008","Uganda","Maude","+61.95","3"
"2012","607886","South Africa","David","+235.95","4"
"2013","606634","Australia","Santos","+$78.10","2"
"2014","603817","Falkland Islands","Bill","+$85.00","2"
"2011","609764","Cayman Islands","Jim","+$178.10","1"
"2014","606947","Seychelles","Raj","+$246.00","4"
"2013","603504","Iraq","Julie","190.50","2"
"2013","607886","Lebanon","Santos","+$94.95","4"
"2013","601939","Armenia","Sue","$51.00","5"
"2015","602878","Andorra","Julie","+121.99","3"
"2012","605382","Mali","Bill","$65.95","5"
"2014","601939","South Asia","John","$476.00","4"
"2012","608199","Bolivia","Jim","$486.00","5"
"2014","609451","Tunisia","Joan","+211.00","2"
"2014","607573","Mali","Fred","42.95","3"
"2014","605069","Slovakia","Raj","$219.00","3"
"2016","603504","Niger","Jim","$131.95","3"
"2016","606947","Armenia","Jim","+212.98","1"
"2014","608199","Kyrgyzstan","Raj","+$477.00","3"
"2015","603191","Turkmenistan","Santos","$300.00","1"
"2010","601626","Oman","David","301.99","3"
"2015","609451","Japan","Bob","+$176.00","1"
"2012","608199","Lithuania","Cindy","$485.00","5"
"2014","602565","United States","Jim","$22.00","5"
"2012","601313","Persian Gulf","Santos","274.00","5"
"2011","601313","Angola","Ethyl","$229.99","5"
"2010","602565","Cyprus","Bill","+13.95","2"
"2016","602252","Tuvalu","Ethyl","+115.00","3"
"2016","606947","Balkans","Bill","$174.95","2"
"2012","608512","New Caledonia","Raj","$295.50","5"
"2011","608825","Antigua And Barbuda","Bob","231.00","2"
"2012","603817","Sri Lanka","Ethyl","337.95","4"
"2013","605382","Luxembourg","Justine","$286.00","3"
"2012","602878","Maldives","Jim","+$449.95","1"
"2010","607573","Ethiopia","Raj","$95.00","5"
"2013","609451","Belgium","John","$252.00","4"
"2010","604130","Democratic Republic Of The Congo","Sue","$133.99","4"
"2016","603817","Spain","David","$447.00","2"
"2015","601313","United States","Raj","$20.00","2"
"2014","609138","Tonga","Raj","+423.10","5"
"2015","607260","Netherlands Antilles","Justine","482.00","1"
"2010","603191","Madagascar","Jim","499.95","1"
"2010","606947","Gabon","Joan","+$424.95","4"
"2015","601939","Tuvalu","Julie","+$13.95","4"
"2013","601313","Baghdad","Maude","178.10","5"
"2010","607260","Brazil","Santos","473.10","4"
"2010","605695","Nauru","John","$282.10","2"
"2011","603817","Barbados","Jim","250.99","2"
"2011","606008","Slovenia","James","+195.00","2"
"2014","601313","North Korea","Jane","+79.95","5"
"2012","603191","Turkey","Maude","$312.95","1"
"2011","605382","Gaza Strip","Justine","+149.00","5"
"2014","602565","Seychelles","Eric","$189.98","1"
"2016","604756","Chile","Julie","+$65.00","2"
"2016","604756","Syria","Maude","$425.00","5"
"2014","605069","Turkmenistan","Ethyl","41.95","5"
"2010","609138","Persian Gulf","Bill","304.00","3"
"2010","606947","Madagascar","John","+$53.95","5"
"2013","607886","Eritrea","Raj","150.00","5"
"2015","608199","Mali","Julie","$428.95","3"
"2012","601626","United Arab Emirates","Julie","407.50","3"
"2013","607260","Turkey","John","$227.98","2"
"2014","606008","Marshall Islands","Eric","479.95","2"
"2013","606008","Haiti","Joan","$172.00","3"