"Year","Customer_id","Age","Name","Country","Details","Amount"
"1992","1kRom1No88qtgfqSNGYY","27","Geoffrey","Norfolk Island","tankage","369.99"
"1987","QtbuBwd0ZJYpvru67XK1","6","Lotta","Antigua And Barbuda","biu-mandara","$217.95"
"1996","9IWsD8vDOWu0y4JMdphv","15","Fritzi","Caribbean","coast rhododendron","$421.10"
"2002","ULxgxa31hJ1LhpiMWKFL","16","Ciara","Ukraine","insane asylum","$ 236.95"
"2012","v4jirflNENNGXsNg3y9L","39","Willa","The West","dromaius","-123.95"
"2007","EaCKQMy4nl2CUvMpP7nJ","65","Chance","Serbia","tumidity","335.95"
"1992","ZD2igYxtWfOKauMHhm3W","55","Saidi","Nigeria","bolide","-$82.99"
"1995","RZlKlWRhiAJm6gZ1mPw8","10","Cherie","Saint Pierre And Miquelon","annona muricata","+$188.98"
"1994","nFSgcG1toKnfb5IOrfrD","85","Malka","Vatican City","napierian logarithm","$ 55.10"
"2003","WsR5mbkJlDqnAorNjdkF","68","Nelia","Vietnam","rest stop","410.50"
"2001","SmBOOP34Ym6TK8V6FQq1","16","Barnard","Angola","chorus","+$375.00"
"1990","XheadaUqs1Cah9WxySrz","77","Issay","Slovenia","urease","+$169.95"
"2008","CmSNa1t3gvvGZAHT8nKt","85","Sage","Wallis And Futuna Islands","braxton-hicks contraction","338.99"
"2014","mCMxaPvIVnxeozV3QJX5","33","Floria","Saint Pierre And Miquelon","sequoya","-380.00"
"1985","YSUEyyUSmIrzidiqms3j","23","Alena","Canada","sumo","+$266.50"
"2005","lykf6cCfzhKryETkIo4p","21","Germaine","Saint Vincent And The Grenadines","mid-on","$ 32.95"
"1996","i5geCyicOdRytoqvZQSA","13","Brayden","Canada","jatropha","-386.95"
"2005","uq9wQRSOADcAMrAro2Sk","29","Taban","Mauritania","ragee","-$380.50"
"2005","Y7csjTo1WMH5BgtYkGFk","82","Olive","Switzerland","hulsea nana","$347.95"
"1989","GRF0NcWeFgyCMMc5CRqC","79","Ade","Papua New Guinea","indigofera suffruticosa","261.95"
"2005","tlJ9t4jZxRIlNEAHamsU","96","Mari","Botswana","peck","368.99"
"2003","zLwC55B1Wjt01Ll36QRX","89","Sasha","Tokelau","enzyme-linked-immunosorbent serologic assay","$ 90.95"
"1991","XZjoKLZNkO1NtbCoTM3j","48","Freya","Switzerland","connexion","486.50"
"1998","88BzzIa4JOwo4y0wgiLm","56","Waldo","Slovenia","family platanaceae","445.00"
"1987","ugx72hsrcDoR5iUDYlfS","75","Gwen","Southern Africa","rusty woodsia","-272.00"
"2001","cxOZbu7LDlgZRg7jZQnQ","5","Satu","Persian Gulf","athol fugard","$ 448.00"
"1993","CeC9RTf9kauZCbVo9eeZ","94","Zivan","Sweden","electromyograph","-275.99"
"1999","JlTrueSqty4UnT8FxHl2","79","Gwen","Macao","heading","-$355.50"
"2011","NIbnKOl6C3m0HtycJPsK","28","Meg","Malawi","ruralist","$ 351.95"
"2012","XJauPznGjjLp07A1dRX6","17","Eliot","Azerbaijan","bower actinidia","$147.00"
"2012","IRUAixlBBLhZdloeeA8a","61","Bunny","Equatorial Guinea","lion-hunter","-105.99"
"2003","43hOG9qRDcbjq9di7Ihm","76","Meg","Southeast Asia","union suit","20.50"
"1988","UGiP2KmUc3rWZMFBiBbV","0","Anja","Turkey","yeoman of the guard","-$235.95"
"2013","izMz8r7suKASPUjHXDTf","81","Joanna","Bolivia","oligodendroglia","$47.98"
"1989","ZDWa5rrZAHIRdQGjo8KZ","60","Bina","Japan","fly casting","-344.95"
"1993","jlJWmAKTejMavlko1jlZ","24","Sharlene","Poland","pius x","88.95"
"1991","D6CJzF5yTnF7RMw7mUeD","92","Tacita","Kyrgyzstan","tour de france","-235.00"
"2014","kn4Hocbltqie0gtmtPY5","16","Zinna","Aland Islands","weapons carrier","191.00"
"1988","UpeWshunigFx7VR6Fc9g","15","Clarence","Columbia","beguilement","$ 249.00"
"1999","Bs1sBiFEN7SF0hCOtXvw","65","Vic","Portugal","quail bush","-$232.99"
"2013","gb2gmUQ3X9GY6IVVZeoE","62","Xanthe","Tonga","rana palustris","$ 10.95"
"2006","weSqVP8VJCI5AUw9aTPq","0","Jesus","Solomon Islands","reynard","$ 321.95"
"1993","sqO8VdoVjySOYVgiTTnO","78","Gazit","Pakistan","cercopithecus aethiops pygerythrus","59.50"
"2012","UYDWBIBMCnbgZEqQZA5X","96","Hamlet","Iran","javelle water","29.50"
"1992","OKs6HAVOA9jZkCd1ORNN","34","Mathilde","Nigeria","electrocardiogram","-$482.95"
"1990","MTcfyK3D90zaF4grMfAw","68","Kiral","Netherlands","euphrosyne","167.00"
"2013","VVxjuPVLcsEDIuJu0pmi","81","Reynold","Vietnam","quibbler","+$448.95"
"2007","egXg3NQF0cxen4zkrLxd","5","Freja","Mediterranean","bishopric","-$445.00"
"2005","GbzuBvNFnwvhLtVxoeBA","30","Anais","Benin","over-crowding","105.00"
"2002","tR3askyHOm7ZTALlvfPW","58","Sonora","People'S Republic Of The Congo","matricaria oreades","$ 490.50"
"1990","MtOPmOUWgMbc86UOjP1c","33","Guri","Equatorial Guinea","psychological condition","-$427.00"
"1997","4eOAmdIlJmszS5s6czwE","19","Harley","Benin","osso buco","$ 244.98"
"2002","PnFpCNxWozVADR4LrVH6","9","Ella","Algeria","delivery truck","+$346.00"
"2005","aXAkZuLHNQkE8bF57DzV","68","Gilbert","Guinea-Bissau","sight gag","+$243.95"
"1989","QxJERgLmM5a6A1AWWd8B","98","Brooklyn","Pakistan","sir paul gavrilovich vinogradoff","-$326.95"
"2012","BlWotL1U9tjhr4RTKCJj","9","Gallia","People'S Republic Of The Congo","sw","$ 17.00"
"2011","mGTF1tXTfosfWuyuYSLd","21","Faylinn","Estonia","locus","139.95"
"2003","uGZa9o1L5WvCG18VyQIj","26","Gerda","Armenia","persecution","213.95"
"1993","ogu2DMmhHVC8jiEYRRoY","35","Aveline","North America","cognizance","$ 112.00"
"2013","jRCKfalvJv2kr3VdGsTz","25","Poppy","Monaco","material breach","409.95"
"2008","sC0v6xln8VSudk83X21p","11","Amos","Ukraine","scarlet musk flower","52.95"
"1986","P2QCSLvfUvQGf6GJHsL4","28","Terrel","Country_Desc","essential","495.95"
"2005","ZVaDNT1iWF3eK4MQ4CZd","80","Zan","Afghanistan","chrysobalanus","$296.99"
"2012","Tpo1tw4KARlgVNkr4x46","42","Renee","Argentina","civil time","-$132.00"
"1998","rXUwrON5OmlKPGbYVj1O","39","Elan","French Polynesia","midterm examination","+$117.10"
"1985","Pr9RVO0uAqSHGiPOzzvT","17","Aretha","Kyrgyzstan","sporran","384.99"
"1986","AJk3KfnJbExIdzclRL24","52","Garrick","Luxembourg","genus cheiranthus","344.00"
"1993","IHx6dKQyTSVXTZAeczwT","66","Henrik","Guinea","hamate","-$483.00"
"1988","Ewo7mGiGK3LOu4S8mhqg","25","Phindiwe","Bermuda","genus desmodus","-455.95"
"1987","tY5bdaWxIe0G4eDojYej","92","Bisbee","Europe","founder","-$288.98"
"1989","YP2mAyvtcb0Q290tiThn","24","Pierce","Syria","hard palate","$ 183.10"
"2004","jjSjqw5HMeDBrAqfKnFl","54","Nikki","Sudan","lip fern","344.50"
"2014","uHL2rb5Kqys9eYTfCl22","55","Susane","Bahrain","hydrology","271.99"
"2012","sFuVHTHutw89I1wNZoVC","38","Ellard","Bangladesh","aluminum bronze","-$110.95"
"1986","KqD7b8LAm9RN291C6qft","56","Autumn","Gaza Strip","student teacher","-46.10"
"1986","vU0pASEfhrM1MoKb1Zt1","76","Ilo","Lesotho","counterpoint","437.10"
"1996","RXy9lVa3KvUheFrpXDsl","86","Winta","Costa Rica","genus diadophis","$466.99"
"2012","xJZNJxfEnjI3LR2CXORk","49","Yvonne","Guam","receivables","$ 243.50"
"2011","WQ6qdttlb3SmkxjFbOvj","40","Octavio","Malta","gagarin","$ 391.95"
"1992","Iqz5th8h5nSFNW1j4wvY","30","L'Pree","Nigeria","eatery","$415.98"
"1989","Ll2KYAn4ms8mxYvhkPcd","56","Julie","Vietnam","snuff user","$ 86.95"
"1999","jDXXFsJGmeoVsUYfjiGL","86","Cicely","Canada","relative density","$ 136.95"
"2000","tjxaOORAvol64Y8Zwk2W","31","Heath","Yemen","nougat bar","$124.99"
"1995","RJXz3NqMmA5fUeTk259A","61","Satin","Gibraltar","dar es salaam","$ 382.50"
"2007","zwr5YF26nXbPSy0QaORt","56","Daria","Baghdad","watson","-200.50"
"2008","dSUm6IxhxcS0faa9DP1K","63","Tia","Egypt","bisexual","$443.00"
"2010","lmWXNFnPRIMzrZoQOa4p","24","Milly","Belize","aleksey maximovich peshkov","154.95"
"2005","Z6mYTzoTxVXabCCYwMd5","86","Terra","Fiji","municipal center","-444.98"
"1997","J8dNA6e5aRE3ONqBMVBL","83","Shauna","East Indies","family papaveraceae","$380.00"
"2001","8K1J6NQvusQcfmHa4SzZ","32","Derrick","Philippines","stickball","453.00"
"2004","YVSjEsijL330bdkQ6CXG","58","Alexander","Macao","sailor boy","$ 236.98"
"2010","O0h6aOeLigrKZOjCO8RE","11","Marcia","Netherlands Antilles","alpha radiation","435.95"
"1994","sGmidgHX55pRjpVdHmpH","13","Bill","Bahrain","strabismus","+$440.00"
"1995","Bro0ennWM3MbNjYLx0my","86","Indira","Burkina Faso","real gross national product","-271.95"
"2009","5xYZafen2iV0vDI3jHVS","90","Kellen","Guadeloupe","common elder","$219.95"
"1988","0nTKzRZRtcNJ11X96KK3","94","Noreen","Kazakhstan","cupressus goveniana abramsiana","164.98"
"2000","O05i823E6g81p1WYlnXE","17","Zohar","Uruguay","mallophaga","+$434.98"
"1999","nr2NLDng4zw1Myoayp8Q","28","Vatusia","Central Europe","benton","245.10"
"2008","wRtOOMl4P3AEUIoSGIQu","85","Lundy","Jamaica","greek monetary unit","$384.98"
"1993","29YLcAXDcenVTV9t7xcX","27","Rosie","Pitcairn","color force","-$438.95"
"1998","t3VYJQ4Ugj07PTKLwVsi","93","Marva","West Africa","decoction","-107.98"
"2002","35ekBoNIRM4sACepWXvh","23","Bea","Brazil","tartu","+$101.50"
"1995","Egsvo3VrhPUkSpHZjhHQ","43","Dora","West Africa","endgame","-442.95"
"2003","cKSkbQf3H7m8rtTPaxb8","21","Ciro","Seychelles","cassia javonica","28.95"
"2000","jd00ZXNIz2Qbea1J8b9j","14","Gabby","Zimbabwe","baroness karen blixen","372.00"
"2010","oAKeXgynXseJ1RAHPooa","69","Jared","Malaysia","headmistressship","$353.00"
"1993","yJaZ1EJHEpxMls4FhKHO","43","Prescott","Slovenia","temerity","$207.50"
"1998","PZZBB9skoOYlkotAd2jj","49","Leane","Iraq","viceroyalty","484.00"
"2000","7zdg2drvHcXoxWokjtUR","39","Evonne","Niue","black catechu","$385.10"
"2009","7xKwHdF7RvELSVLQix75","86","Katherine","San Marino","bereaved","-$463.00"
"1999","FN7AxmNftDXIiojzKLSI","73","Erwin","United States Virgin Islands","successiveness","167.95"
"2011","l8hU85Jpbqy0R1T3D2DH","75","Vittorio","Pitcairn","athenian","-$174.98"
"2005","fx1yOwNMIBNAEdw6C0IL","36","Lali","Benin","feeding","140.99"
"1993","WsHvsGocJtgZqU5OGKUG","69","Jeb","Netherlands Antilles","coherency","+$48.50"
"1992","LmDkY3oLvaKCfuV6N3GX","35","Xena","Czech Republic","steelmaker","370.00"
"2005","lbPh7Z4SMXPtI09Vp3kC","39","Tory","American Samoa","religious residence","441.00"
"2013","47oTnztrNTBpnx3qN9SI","16","Kara","New Zealand","damoiselle","39.99"
"2005","mH0ESBS6tL3YwFvl93BM","45","Hiero","Central Europe","siamese","+$95.99"
"2007","nO1fT5DLjU3BsB0JYJcn","40","Hunter","Kyrgyzstan","verruca","$133.95"
"1985","YySx1PxjRmTjhfkaeKx4","4","Macha","Switzerland","haste","-$447.95"
"1985","kNmbgeuPso1kWz6GI893","80","Cyndi","Persian Gulf","vegetable hummingbird","-221.95"
"2008","EG5hhwAm8sfmAGC9FtDz","70","Sydney","Sudan","duration","$430.00"
"1991","bIbLrpR9yvnEJ63tpNNY","12","Naomi","Albania","walbiri","$415.00"
"1994","LD6O641k4y8YelrUMbtd","80","Mira","Hong Kong","genus delphinapterus","-$281.00"
"1988","WO4WIBBj4qoi21U414mp","43","Heller","Tuvalu","coronach","-144.99"
"1995","RkKW5Dh0GHN19KJOgQXC","27","Holden","Southeast Asia","immunoglobulin a","$465.98"
"1985","D0cAY0JE60F6G9dxcaMo","70","Roza","North Korea","spoilable","+$394.95"
"2009","G600MRlCTm9KfbGrW8YK","58","Zanna","Nepal","pot marjoram","-$362.00"
"1995","utrlBTGS9dK4biSJdVYp","14","Mavis","Belgium","johannes eckhart","-$207.95"
"2001","MY4zXcY1kKgOhtsPlHxB","85","Mitchell","Ghana","alectoris graeca","$ 348.00"
"2005","1d8nb9dGcDm2NqwgiKl8","75","Tertius","Zimbabwe","north africa","-$88.10"
"1990","qa23tDb8HqqOxeOzD2t3","22","Panya","Martinique","indian blanket","$ 207.98"
"2002","VgneXW3amK8ehn1ONXas","11","Lyde","South America","essential","284.00"
"1996","dCRjaqcCJvXFUAlt63ap","68","Kennan","India","genus saturnia","-142.50"
"1995","0cxOdzEJf9L3RtapqrT9","94","Ismet","Occupied Palestinian Territory","family trapaceae","+$123.00"
"1997","14rExwhFocmMeAdmLISP","6","Oafe","Mediterranean","common reed","-$69.00"
"2010","iUo3Qfsbh7zzrS9hxXuv","90","Shamus","Democratic Republic Of The Congo","november 5","-$442.99"
"1992","7H9jzcO7hABKZ95ioWGQ","96","Noxolo","Mali","set chisel","-$426.00"
"1985","d28by1jUYH9QmAf58ZYV","12","Anja","Southeast Asia","fleshiness","+$391.00"
"1989","RDoLOUb6UZRVvcfqDXVV","95","Jens","Uruguay","pieter brueghel the elder","$293.95"
"2005","omPqAFAtnJamlifr0B5s","82","Arne","Albania","grub","430.95"
"1986","2AcPRP9au1PDR1Ntn7SV","36","Levia","Caribbean","water chute","$213.99"
"1994","kp5su8BuwKP56DwrbzyI","35","Dore","Mali","rallying","$ 110.10"
"1999","nBPCv59f8cySQnjnf3ZT","54","Tyson","Sierra Leone","second epistel of john","346.95"
"1985","pSufo9LHtRnwmt95xOPf","26","Christa","Portugal","mak","-$449.00"
"1985","3UkcFd6uE4ZMvUhqhxgg","67","Malone","Nigeria","jamaica honeysuckle","435.50"
"2006","BXy5oKCtnYESUkYinYii","14","Bonita","South America","freedwoman","-$234.95"
"2004","p21G7Hwx9zwyHk14aNGC","25","Ambrose","Lithuania","orpin","$167.00"
"2006","vVLDLoHPyuytcAeMFoSu","73","Rania","Niger","craft union","-$365.50"
"2001","2nspQ0jIb2tedYVIDAmD","52","Leane","Guam","didelphidae","+$329.00"
"2005","OkDKbpDUIkXVZjZ1zv0P","14","Cadence","Isle Of Man","verticality","+$487.95"
"1996","8TtMgkS89FxlZZj4iies","49","Bianca","Saint Kitts-Nevis","subtonic","-497.00"
"1987","xOo7GkbM5GjJPBwjpRr5","54","Rachael","Rwanda","war baby","+$16.99"
"2004","YiTHdAGEnsYqVuSCQURm","58","Aimee","Lithuania","offprint","$ 73.99"
"2002","PdKU7ljdXSWc7xYIiFtd","69","Mateo","Papua New Guinea","far","$ 447.95"
"1996","u0jeqZnflkrEv7h9lAR7","31","Iona","South Korea","terminal point","+$319.99"
"2008","OD2OfpOw3RhPGyqBOfyv","11","Maurice","Kenya","old world scops owl","487.50"
"1986","DfnTtgeEp2DnQWW4yoiM","63","Reese","Saint Helena","merlon","+$16.95"
"2001","Ba1POkde6r6ZMUQrkz7V","23","Yachi","Gibraltar","phacoemulsification","-$165.95"
"2000","zhYdxNP3IYKg6TNyQ2kO","58","Aviva","Saint Lucia","rust mite","$ 467.95"
"2007","3Nm81f3Zo9m8tM39Q0Uv","10","Nyx","Democratic Republic Of The Congo","echinoderm","+$21.10"
"2008","LOXsQ7hFtxKmS9N7csDQ","74","Kerda","Nigeria","brownian movement","$ 90.00"
"1997","ym6J2XvG2nzr9baTbEIS","94","Colette","Venezuela","clematis ochreleuca","+$139.95"
"2004","shWYoavGhKU4zCdsKQlD","87","Serafina","Baghdad","subjunction","$ 289.98"
"1987","hd2pjZmoghkXmR41xI5a","68","Selima","East Indies","open order","-$42.95"
"2001","N4ycyRMBwXq0NjUzdGyC","1","Kerr","Svalbard And Jan Mayen Islands","hart crane","$ 14.95"
"2013","ROmDmU5NgCsWXMOrF4a8","8","Urilla","Barbados","prosthesis","$ 394.98"
"2010","Ak6bSwT2Br2dg3nKgHys","46","Donny","Central Africa","fiberscope","$ 58.95"
"2010","C3Bje0finSy3upakEb15","93","Isabel","Anguilla","railroad tie","+$117.50"
"1995","2ZlUqznICwOu5rhPHive","86","Therese","Estonia","pharos","245.50"
"2002","XgFEzTJSWNgGJSwrGGYY","71","Brent","Fiji","genus bombax","-$487.00"
"1992","HAgvL3qA5G4A69YLdMto","2","Ashtyn","Djibouti","money belt","-$196.50"
"2013","X3rprDbT0F4Z7aIgwmqp","94","Delta","Label","william tatem tilden jr.","283.00"
"1995","jGt3EuVkGDWRfidkYDFR","44","Remedy","Burundi","nov-latin","+$43.95"
"1999","2HTbKXGqYYIgfsPzaFR5","78","Kenton","Dominica","guama","$20.95"
"2013","JbVzLUVpzCUtnDPyKxw5","43","Annissa","Gambia","triaenodon","-$251.00"
"2005","t5rLiaxdY1P8YtPGOTi0","76","Pebbles","El Salvador","st. olav","98.00"
"2003","br79arViocptHG9mWFmG","58","Wilson","Liberia","fairy","-78.00"
"2002","r9coUgQHFv5OR0FkGeHi","28","Leah","New Zealand","regional ileitis","$489.00"
"2013","9YhEikH2Wcxgy6Iv3obQ","93","Rudy","Ukraine","adiantum bellum","+$43.95"
"2004","trdQQQaOR4TXeI8GKV6A","81","Pelagia","Eastern Europe","shawny","117.10"
"2008","EJHKbDMglEFo0cJAD0mJ","8","Janice","Slovakia","microbrewery","+$47.10"
"1992","xG4HZ8Dg5HpfQF0zQ4t0","18","Ella","Papua New Guinea","salix lucida","$308.00"
"2008","zBgMVJz34niF77NJnWit","8","Florence","Brunei Darussalam","ravenousness","119.95"
"2004","lydGIjHPf61HbhJZEXq3","71","Zane","Caribbean","neurotic","+$95.95"
"2000","gFt4rhE0sdEsZ0mvBLdR","5","Qwin","Persian Gulf","allium haematochiton","-162.99"
"2001","8V1xkX877xZHfF10gNY9","73","Cal","Paraguay","maelstrom","$93.98"
"1991","UJDOaQOCtNB93HHdYDRN","8","Joey","Botswana","scarf bandage","$418.95"
"1994","5dnkA9DL3gnfMcMXUMEM","58","Orane","Brunei Darussalam","nitrosomonas","$100.00"
"1992","LOzMx6qjkPec7sEZrWMW","31","Revelin","Papua New Guinea","glycoside","+$462.00"
"1994","LsnHu7oVDMhB5otbjC9N","87","Olesia","Dominican Republic","falco sparverius","$ 409.50"
"2013","bGPse0wLTG2pXMhfM7HJ","84","Talia","People'S Republic Of The Congo","quintipara","366.00"
"1985","IM8V67eUbSRshZ9Ttd9W","11","Catherine","Rwanda","partial abortion","391.50"
"1998","W3LQSrcHhBKRfI3jrOjK","7","Jimmy","Africa","fill-in","118.00"
"1992","pWDxfIBBW4oSJ5nZTpMD","8","Curt","Ecuador","submenu","$367.95"
"1991","e7IQ1jEesQcEveScI5CT","92","Redford","Namibia","chlorophyll a","149.99"
"1998","RBAi2wGmmusPgo7zlG3o","82","Zalman","Bulgaria","silicon","129.00"
"2002","EcCGqgSmWiotCLAZ6z8V","98","Conyers","Greece","artaxerxes i","146.99"
"2002","bYr8Fj9ulCIwwwdTORxd","80","Robert","Nepal","dobra","+$430.98"
"1994","hNBaXeHqCJl4t18M5RwO","35","Lynette","Saint Kitts-Nevis","family leptotyphlopidae","93.98"
"1989","bKCCGZyCQJ6akVbvqYWu","98","Qing-Jao","Belarus","jumping mouse","$ 343.95"
"2007","J5bTaHqKD3geoMFmT9Ub","36","Juliana","Armenia","hypoplastic anemia","+$132.00"
"1987","hp9KMDjWdhik1EDkR4Tp","20","Valerie","Senegal","agalactosis","-$338.99"
"1987","w0Hckm4rhov4LZehLDGq","60","Brent","Wallis And Futuna Islands","tabuk","-356.98"
"2002","vrRb2bD4PFpK0XNLCfdU","27","Natsu","Norfolk Island","genus angelica","$ 106.95"
"1999","WJF9VyIM19FDRWUjAApW","12","Maxime","Uzbekistan","tall order","-405.00"
"2003","EC4sG5PHTQWe594CJiaG","51","Arista","Andorra","genus ammobium","64.10"
"1988","D7E9RpBfwWfIfKNBNN3v","82","Maya","China","rime","103.99"
"1997","yBgOneqPWuPNNqXxdVIH","95","Glenn","Niger","genus araucaria","-$299.00"
"2003","x4QMDpRaKY1qVSnaE0R5","27","Angelica","Marshall Islands","acyclovir","$ 241.99"
"2005","tvS611kwIyy9etGeXnT3","82","Amalie","Swaziland","peshawar","$235.00"
"2008","U51SgIM8ZxwyYIUegyea","77","Ariza","Country_Desc","cyanuramide","-$117.95"
"2012","yIhWIoWho9czIHWyjhHO","47","Feleti","Hungary","respirator","493.00"
"1990","5NNF2eq58Ci5tVofvEmj","39","Ailis","Nicaragua","dejectedness","$ 209.95"
"2004","ffloAIpVo3OhKXRmaePe","2","Zed","Tokelau","vena cerebellum","+$25.10"
"2002","kKgR3YqBEITxZvzASTtP","50","Rowena","Nepal","endometriosis","-21.50"
"1994","erVbC2t00vy9mWiZS7MS","17","Osgood","Liechtenstein","open letter","330.10"
"2003","zpjXsaR5Z15p1u7Pg11k","95","Yosefu","Macao","karakul","-423.95"
"2010","4FTMDMIn0tspGGZNmMJR","69","Fern","Cameroon","feudal lordship","189.99"
"1993","jY81GP9unwjebUQaypW5","81","Jodie","Saint Helena","hog badger","$ 173.10"
"1996","hY0XXy0qd56FN4QfDJpJ","89","Terris","Central African Republic","appearing","237.10"
"2004","Z27OaIcaFhaZb3X8bZ19","41","Nicodemus","Wallis And Futuna Islands","pharmaceutical chemist","-$444.95"
"1986","88RBPNOMEFNOTOSQqphs","9","Landis","Syria","writ of prohibition","457.00"
"1995","Gn7lCDWJCQDAfIjyuGrB","61","Hope","Burundi","toxemia","249.95"
"1986","RHkvRCeRKwZ7DtaVdsZt","9","Corine","South Asia","trolleybus","435.00"
"2007","VdRtlBdDBoQlJcLxNTab","3","Leland","North America","hippopotamus amphibius","-$372.99"
"1991","w4JoRdlOjn976CSefbMC","48","Katina","Wallis And Futuna Islands","blue wall of silence","-123.99"
"1998","KahhrqdB8gSYwq9ixIDk","60","Joren","Seychelles","livery stable","184.95"
"2008","sQVWNTqOwTEq1rxwxsfb","61","Josiah","Guyana","apodidae","352.98"
"1985","GdNGCEx2MONV7M0f3JEj","97","Larissa","North Africa","freedom from self-incrimination","-114.99"
"1998","uV6xz1f2ovNgxS74yZHt","84","Yukio","Gambia","oblateness","$175.00"
"1987","chWUhJMwGs1HmFAsQXuN","87","Clark","Brunei Darussalam","refiner","$329.00"
"2008","Y9Wnr5waWC89yI7EQFlm","80","Arne","Central Asia","election","-294.10"
"2006","VDt9vyR8LerxyJeJysCi","84","Axel","French Guiana","cortaderia richardii","488.50"
"1988","FBZ5EMgLow2bV4ndxeO6","88","Chavi","Eastern Europe","adjournment","$ 125.00"
"1996","XBzdK1kbC6y4Y3S02lFH","21","Juji","North Africa","trembler","$250.95"
"1989","SHwrRwfxTsYho0LX3133","82","Qing-Jao","New Caledonia","meringue kiss","-367.50"
"1994","Ll46n93yBchBOjJNVhhw","54","Fordon","Ukraine","anamnesis","494.00"
"2007","PvHJNOvotWFvLkCGG5VI","22","Alberta","Malaysia","drain basket","441.00"
"2003","E8JymX5H9Bm1GNtIKynx","16","Maylin","Algeria","noise pollution","$280.99"
"1990","J9g6MAFg9BczaDvKdXxg","52","Adah","Guatemala","cashew nut","$90.95"
"2002","ivSNJJrd023LRlvdJDIQ","4","Saul","Australia","undivided right","+$45.99"
"1985","hMEtPZPQOtNcLbwfD7Wu","66","Edwin","Vietnam","susan sontag","250.95"
"1991","iFKiJnUs57qAVxOYzclK","84","Bena","Macao","coonhound","-205.00"
"1996","EBUFOuoN66t8ctnSKUdS","89","Edeline","Aland Islands","morpheme","412.00"
"1992","rDehcESY3r8ErrQxCEeU","97","Leon","Chile","henry ii","76.95"
"2012","Y807xZkwdthDK6Rh3QLn","27","Delila","Africa","relapsing","304.00"
"1992","AlDdov18lDr7Xfpp2c7T","8","Lucius","Mongolia","presence of mind","-58.00"
"1992","8qxgaMH5UtfaSQaHyGfM","34","Lourdes","Ireland","bertillon","411.50"
"2012","oGLxe54KoBTsGGUVekr4","9","Landis","Zimbabwe","side drum","242.00"
"1994","29KMAHlsLokgSnfpAwsg","87","Devaki","Bolivia","maidhood","$121.00"
"1999","k6RhPVzdtjATuReLrT6B","67","Waggoner","Russia","parson's nose","-439.98"
"2005","nkhHdG7EYjo8Avbt2cdZ","91","Shaw","Cuba","aerosol can","118.00"
"1999","Pw3l9kLWqQvXZysH1Te1","83","Esteban","The West","spider crab","371.99"
"1996","6HInEo5uKagO7s242xnb","75","Brygid","Mediterranean","georges clemenceau","376.00"
"1993","ROy3vNdaE5UF2X7x6FuA","78","Chico","Suriname","zoo","-$383.95"
"2010","zIPSY3qddlTtLkBJpEmh","80","Benjy","Country_Desc","coondog","-$379.50"
"2011","JcC4lViV3qUI0dnYCYyO","23","Angelo","Netherlands Antilles","national service","-336.99"
"2007","SKffdmk03X9uXVnH7ITd","57","Moina","French Polynesia","breakwater","$ 191.10"
"2002","zC9hxUYquPbkZALEYldz","1","Chelsea","Anguilla","mollusk family","-215.00"
"1988","1giPDnNhL3OgQn5O9N8f","94","Ayanna","Persian Gulf","relativism","-$288.50"
"2012","ul99DwD3fZQGIlnorfG9","99","Aurorette","Country_Desc","breast cancer","+$110.00"
"2005","I6beHYMmkuNUJTCqtvle","45","Knut","Puerto Rico","mycostatin","-$19.00"
"2007","SMrkaMplXM81N6xRwgb1","32","Jeb","Peru","assibilation","+$306.99"
"1987","kIRScnTQFfbm1TiC4juu","38","Mckenna","Suriname","whole kit","-$405.95"
"2004","u3UywZzu57BCAXcjmEPY","22","Xi-Wang","Comoros","loftiness","50.99"
"1997","3XZrcee7FkSkbBXfWo0i","17","Genevieve","Country_Desc","black hollander","$ 456.99"
"1988","ZSessVMKuPqObTUwUbes","30","Jariath","Moldova","tra-la","$ 282.95"
"1987","8LxD4k3WQauPGeGrOdEx","92","Bronwen","San Marino","markup","+$360.00"
"2014","bAYXLsnOtj3Fwii8chIJ","92","Coy","Austria","atrium cordis","-227.95"
"2001","QmezKEZ05Huw73dy6wwO","98","Lisle","Slovenia","lotto","47.95"
"2000","Vjxh8eGSmbpfaU6E789F","60","Ham","Ivory Coast","solicitor general","-336.00"
"1985","jqEEZsxaXz32Z4vV8gJN","40","Sheena","Spain","parquet circle","$273.00"
"2011","vMsA0SjtDVtHQlaJQ1qo","61","Sloan","Swaziland","black ash","$ 333.00"
"2009","XdlHUyHi7mzDADtO1q2q","63","Karen","Nepal","member bank","$304.00"
"2010","vmTeRccCZVeXWqdPsDf0","64","Glenna","Portugal","normalizer","$439.00"
"1999","8eJFOWIZdzDRjsdbV6Fl","83","Summer","Montenegro","stadium jumping","286.10"
"2006","iOjcxSPijFB0qzvIZrBe","96","Elvira","Sweden","plentitude","-$131.95"
"2013","ht9tFm6anDiyHV65tuew","32","Vidor","Antigua And Barbuda","geronimo","-$496.00"
"1990","46EQ0aDRzobl4UTRvH4e","44","Melisande","Haiti","fagopyrum esculentum","-347.99"
"1999","nVwKg7y2iO8pUjPPdZ8f","74","Alair","China","idesia","161.99"
"2002","xsCTUamfhXdnJRNPjDVG","15","Uma","Caucasus","oniscus","-$356.00"
"1990","jTBaS6PXkhZytoGxXHvN","87","Kristin","Macedonia","genus trichecus","$289.10"
"2010","xTXVxFQ9bp50LoLeJIAy","2","Ailish","North Korea","dental plate","$225.50"
"1999","sub3JHQSIbsqMV7SL9YD","1","Gabriella","Gambia","electrolyte balance","$457.95"
"1994","1u4vpieCXwljYVvMEaDA","20","Henry","Gambia","grugru palm","116.00"
"1994","2bYXnEULoNGDdBsWhbtc","59","Kinipela","Dominica","border","475.99"
"2006","AXgX3EMP6ywYu8IhrpLq","31","Nonnie","Sri Lanka","marie goeppert mayer","371.00"
"1997","tGJgPwTauWsFb3EUJMM3","4","Ria","Tokelau","material breach","$ 439.95"
"2011","IB8ZZY8pIC6ffkYNnAhq","30","Safina","United Kingdom","carboxyl","-$62.00"
"1986","DwvCWpOJrhR2ZxJoQPM4","95","Kylene","Myanmar","polo-neck","$ 129.95"
"1986","LxCsPHaZrhQUtk2vHUK6","3","Jaime","Brazil","mint sauce","147.95"
"1994","QdX1ylIke8yp3ito8lBn","21","Elani","Moldova","rabbit","-425.95"
"2002","vCGW0MJlwhb8mQRW1fHp","30","Lani","Mediterranean","cotter pin","-116.00"
"2013","NIKMv0EhVuckYvQeIra3","57","Kylene","Brazil","scots","$ 85.99"
"2008","nvCb6KSCeBQzIXY8bHON","72","Saul","Mozambique","cottager","-61.10"
"2012","opAFF2LI0KN5cGIIVG0B","54","Lee","Tonga","eyre peninsula","-$466.00"
"1989","fpUOWj2kNTof4tiNeJRQ","43","Zeke","Seychelles","genus baiomys","343.99"
"1993","SsoIg0ODo9exxbPF84VN","92","Bonita","Malawi","hyperventilation","358.99"
"2010","aekK3P5u0yLvMAErIv5V","99","Woody","North Africa","machicolation","49.10"
"2014","awIT8rEHLOCaEpaivoP8","57","Danil","Northern Mariana Islands","chimaera monstrosa","+$415.99"
"2013","NVZDvF6GZqCy0Rx7LTDe","18","Grover","Seychelles","secant","$ 285.95"
"2009","pw6W0LjDsEvZiPxmaYKL","25","Marjean","Sierra Leone","saint vincent and the grenadines","126.98"
"2006","D5Hv4pdUtwoOTyGe0eMd","28","Haracha","Guyana","seal bomb","-$67.95"
"1998","lDllCK7ey5uR9UYrklpp","59","Jerry","Southeast Asia","supraorbital torus","$469.50"
"2007","GaaScaPfSj1oTXKtKpud","23","Lenora","Poland","winter currant","483.95"
"1985","iGmoxln1uiKSkHNcyUia","99","Kiersten","Iceland","fuddy-duddy","453.95"
"2001","unSHR0HXTLtULZx0u4bH","61","Morris","Poland","venereal infection","-$398.95"
"2014","W65w9T3usqqtpX5kW9TT","89","Afric","Dominica","reiter","$215.00"
"1999","5sZDViIVsDrRYHOMMT2k","23","Sandra","Southeast Asia","gasherbrum","$425.99"
"2012","riSCKF8e4qaHXdFWTwHS","39","Jodi","Trinidad And Tobago","plantain family","-340.99"
"2013","mkTJ9bGh3utpRVFeSJXF","25","Bast","Nicaragua","soiree musicale","-$125.99"
"2004","tyRGjacjNqJKTEy1ww1Z","5","David","Haiti","matthew arnold","294.50"
"2002","Vpv4sdUQER4phTXbgwVD","66","Gamaliel","Afghanistan","arkansas","160.95"
"2009","sBlkglARyc6QswIEbZvz","12","Lisle","The West","secant","13.99"
"2010","PyzsygNCP2m9VtwD1ih4","78","Camilla","Papua New Guinea","quinine water","441.10"
"2001","ICWpiXtBzCLIRvbP6BeP","26","Josue","Solomon Islands","bartramian sandpiper","$357.00"
"2001","I7cf806gA6AiqnAHCFzX","51","Paniga","Monaco","booster unit","175.00"
"2014","n5F5lKvoc74KOzHiqNdf","17","Lawrencia","Mozambique","primary care physician","$473.50"
"1997","UK7AXxSx9VLCL4GA9Cqo","59","Jerrell","Southeast Asia","lipo-hepin","-$489.00"
"1996","Y9VLB9clclDGHFjgBjve","61","Layne","Caribbean","europe","+$217.00"
"2013","cLbTbcc4406gS1KOWEt7","79","Zavad","Wallis And Futuna Islands","arachnophobia","-$320.00"
"2001","WhBqcaoDvB3p5Nq25Sr5","45","Chancellor","Cape Verde","fill-in","148.95"
"2002","quovemLSuwcX0JEa8EkE","98","Gur","United States Virgin Islands","white knight","156.10"
"1994","CRUSZzgs5UxEfjlB1Osf","29","Torrance","Senegal","touching","+$145.99"
"2007","6aZsNiuopgvaw05l0Oi1","38","Gigi","Samoa","quadruped","+$59.95"
"2001","DSz9F5MkKGc8K2sMjUje","87","Bryton","Iran","placental mammal","-402.99"
"2008","cv0kkmd5utrgGA1GTbRX","31","Vaughn","New Caledonia","alopecia areata","+$420.00"
"2004","hwCxTz3id6OgeteiT6Pa","58","Steve","Wallis And Futuna Islands","clavicipitaceae","$ 103.00"
"2011","04aMIectxWkXx1xgDbW6","33","Tovah","Burundi","annona muricata","+$475.95"
"1998","QxZqMEuAwKMFjlZV3fLC","71","Brent","Cook Islands","family sterculiaceae","-490.95"
"1990","ChyxeA1u9bE7WMvJJ0bI","14","Nalo","Qatar","nevado de colima","-263.10"
"1990","1VqkB1fmt6gEXGHQsnrs","99","Wanda","Libya","petronius arbiter","272.00"
"2012","tt9NSxwYqEY97Jm7js6Z","56","Koren","Djibouti","parthenogenesis","$76.95"
"2009","AIC4ID9F5v5SNi9qIl6u","81","Afton","Vietnam","star chamber","$79.00"
"2009","jjaz1ysrdxnLRRbFhKud","59","Norah","North Korea","computer software","-$422.95"
"2013","l74Cz3lY7batvGvft60b","82","Bonnie","Guatemala","spot","101.10"
"2000","7bYzh2jcaOJif3aAnZAc","12","Solana","United States","teapot dome","+$366.00"
"1985","RanlePy72Fy3vlqgYhvW","54","Pleasance","Madagascar","roquefort dressing","$ 145.95"
"1992","vx59fXoe3dtyJdgKeq68","11","Bevan","Russia","clapperboard","$337.98"
"1998","BqmWQxf2NWGYipcPJ0jj","58","Geneva","Ireland","crankcase","94.00"
"2001","xVWr21JAADruIzsTTN8T","91","Madeline","Dominican Republic","sial","+$410.98"
"2000","wGZTkZQB38BKiZq6B2yD","0","Griffin","Belgium","happy hour","174.00"
"1990","Eu9N1GCKTnDQw0sePc4F","24","Guadalupe","Equatorial Guinea","interlocutory injunction","155.00"
"2008","sVbosw41PtCyTUm7BMu2","89","Barke","Pitcairn","pas de trois","$ 33.00"
"1988","NBJ5o17a84SpVJTzjqN8","1","Zilli","Central Asia","empirical research","93.00"
"2002","xvfMKh8K1Gbgq81C8tq9","59","Templeton","Turkey","platycerium andinum","+$155.00"
"1993","bdADVWtgIuB6LeCbAqnT","98","Mehalia","Kenya","family tropaeolaceae","$111.00"
"2001","K0sVwKx45sDUx2sg0opE","15","Sonya","British Virgin Islands","crochet","-200.99"
"2011","BiknwRyS5wNCVsTsPAf1","71","Derica","South America","genus morone","+$222.95"
"2006","XOxVHZONzMWgJQ9L3IZI","37","Salena","Balkans","christmas fern","222.10"
"1998","1U4GPqcilOqzL2O8NYL6","82","Lacy","Central African Republic","reforestation","450.99"
"1994","7LXCrsjpmN42LaB5hz0B","7","Carol","United States","trade wind","-$142.00"
"1987","WarBNrg4S0eunFMxaKAE","44","Tarana","Bosnia And Herzegovina","benzoate","$96.10"
"1997","gj2a8zPcmQCk0nrguqmA","20","Jeremiah","Niue","alismales","$188.00"
"2008","TWOsaefIbWmXzHBOWCFr","35","Ariella","Paraguay","cordyline terminalis","-$95.95"
"1990","VbmWcseFRZTzWsfvm0Ie","21","Niamh","El Salvador","glandular fever","-$413.00"
"1985","jkvPFjfY61Lo8e37qY2a","95","Ariella","Moldova","lactogen","+$364.99"
"2014","hWHXuvs9cTrqc3bw0mp4","87","Christopher","Democratic Republic Of The Congo","home rule","$440.10"
"2011","gN7dMvFmTbmxq9X9EA3e","60","Walker","East Indies","labor pool","372.00"
"1997","tQoIjEOf9iw68blhClbD","23","Rayya","Liechtenstein","peninsula","-$375.10"
"2010","WDZZcV8pKyDsDWs0Dk2i","12","Jefferson","Aruba","articulated ladder","$425.00"
"1989","F1XwZupU4l97C5hBMlmD","71","Laurence","Central African Republic","arthur koestler","$339.95"
"1996","YHwpXbMbSsPP5s48UhXJ","77","Mauro","Uruguay","wuhan","93.00"
"1987","TyiDov86u50altvgx693","79","Rob","Eastern Europe","liquidation","$ 430.00"
"1996","IAsJFfTjt6hoEZ9JlSD3","30","Tina","Label","emetrol","371.00"
"1987","owTTxMoMTGf5ia8A18Nk","91","Celia","Burundi","dissertation","+$222.00"
"2004","vnDmGbYYWvvOl7EfMPty","52","Gabrielle","Maldives","telecasting","+$323.95"
"2002","OXjpUxt7hiWM63gWySic","26","Calla","Gambia","coral pea","170.00"
"2014","WKAqviT9gnV8CeDpgVbA","39","Rashida","British Virgin Islands","james parkinson","119.00"
"2001","xaGPd9ZETicYQpEyCxrR","77","Selma","Thailand","begoniaceae","272.99"
"1994","2MLwB5WlG2iBpw70B38Q","13","Fidelio","North Africa","distinguished service medal","-143.00"
"1986","vos63wd2JI0MVhp0GY3a","96","Kelda","Asia","lasiocampid moth","358.00"
"2004","ffZCKycJl2ABOoufKtta","25","Alexia","Ukraine","nervous system","$456.98"
"1991","3vHgBLPujzegaFmfL4K0","84","Denver","Southeast Asia","chervil","$ 407.95"
"1990","c7ZfIUsW57iilJkVIr0K","31","Marsha","Botswana","muscardinus avellanarius","404.99"
"2000","pvSorcylk549HmrXi8Cw","54","Bryant","Rwanda","blastocladiales","+$286.00"
"1998","nqfulPbzOCKsR4VnuVcZ","74","Leonora","Rwanda","agrypnia","-84.95"
"2005","sZLtYtS0PEnqIh4iFfAW","18","Baba","Barbados","field capacity","-122.00"
"2000","CyxI9cdPFBpDXogboTal","38","Dunn","Vanuatu","dogtooth","-$106.00"
"2011","RzW7qBzhzG2Bsg9AG6CH","6","Ray","Democratic Republic Of The Congo","neuropsychology","$65.95"
"2004","PqCtuHQcsOESNLcrEHry","84","Norm","Mauritius","automeris io","-$416.98"
"1993","jOpOPkGYAQsokbeodmc7","18","Kaz","Cayman Islands","grande dame","$70.95"
"1999","8RcZd31mUfMfOuXH81gC","1","Ryo","Jamaica","si unit","-$62.98"
"2008","6byzJQ46appHhfRoqfY3","60","Kenneth","West Bank","eczema hypertrophicum","480.99"
"2001","fWQJBIBarqf9XHynssVe","93","Sunny","Serbia","family anhingidae","461.95"
"1989","aAzjrJ37zXIDOhogm8oK","86","Charlot","Laos","scyphus","$ 346.10"
"2013","j9Lsji3wDuZGXUkyCsNP","85","Amadeus","Antigua And Barbuda","haematocolpometra","-$321.98"
"2012","70jJCRUmrnrWzCQ8vYKO","71","Josef","Brunei Darussalam","medgar wiley evers","$251.50"
"2000","8D9nTCphoGdF5NkFmj7O","34","Dexter","Nicaragua","rodgers","$ 130.99"
"2006","B1TdlwzG5z8xFkDTb196","58","Ginger","Asia","unrighteousness","$51.00"
"1999","0fAmTZz41cdN8nJ09Oef","84","Mieko","Chad","impalpability","$ 117.10"
"2003","zIpF8kNzJ6U7BlDMwkJm","29","Thora","Indonesia","double dribble","-$473.95"
"1997","bopsEX8eIDn5CqPQigrj","24","Morrison","Saint Helena","nervous system","$317.95"
"2009","2iBmxoolYwAdnzk4IsFO","13","Jon","Mexico","carob","$ 167.98"
"2014","uhLM0gFoYpFmKlol7XhG","14","Manuel","Puerto Rico","verner's law","-$191.00"
"1998","2OwRkhqKQUM2SNJWIV4v","38","Shoshanah","Panama","urocele","265.00"
"2013","sz5wl8CTjudNVm6UofNL","69","Comfort","Persian Gulf","rockford","491.00"
"1990","EFOgOKNVfPmzZehhVPuY","20","Hestia","The West","heme","$ 189.95"
"1997","VmEhuNPdIcWTUsTkblco","12","Jayme","United Kingdom","crested swift","382.95"
"1994","E9NDbT5lk0ey3KbBZJdv","1","Baird","Bahamas","helenium autumnale","51.95"
"2000","x2VMZTjxs6B4gnDwKtkN","16","Marshall","Central Europe","inpour","$ 158.95"
"1988","KRwFxCsKEbjethUWJpgw","72","Hank","Saint Vincent And The Grenadines","disarmament","-$436.00"
"2000","Cml8Kv354Lxa0VZkuc1E","4","Val","Tuvalu","pacific sardine","30.00"
"1997","E8aFzz4UMIkWjuqjWwpD","60","Jacinta","Germany","barometric pressure","12.98"
"1991","8pfY2EozDfInno5HiDgI","26","Queenie","Nigeria","kopiyka","+$407.99"
"2004","6IbwVMLMzVWZIHx2xO0Z","84","Shira","Qatar","neve","263.10"
"2011","sWIsIQy0lpv7mokzF99N","90","Asabi","India","liliales","-94.99"
"2010","AJE55OcFXEd4zlCH1gB0","36","Edeline","Panama","pyrrhuloxia sinuata","$ 13.99"
"2014","Roe4I2h9jg1pVZIAFHpi","57","Zo","Egypt","mortgage loan","-240.00"
"2003","Q9FqffWVaFS65IAjUYrM","43","Afra","Estonia","groves","$45.00"
"1997","IHjPJMGqtFjG4hrulW3o","93","Keiji","Falkland Islands","family portunidae","$ 387.00"
"2014","KeFpSJlb4GOuqg0GO1pE","65","Omar","Greece","sir peter ustinov","$159.00"
"2001","qlPWbxdyOICzExmxmCDt","4","Abie","Bangladesh","haulage","-401.99"
"2002","QzA5M1cv5X1aPHKGR0YR","83","Ilom","Saint Pierre And Miquelon","bezel","338.00"
"2004","MtXtoIZR4mYde1yXoI2h","22","Kurt","Andorra","spinner","-$79.99"
"1989","Kpnx3Aeb0JqqRC04xixa","36","Skylar","Belize","inspector","-51.99"
"2006","Q5HjU6JF9BSzHRkrvJKO","17","Jackie","Cameroon","dry plate","-283.50"
"2006","AmPWCOR40YxCIsOi0H8B","92","Robyn","Sudan","glioblastoma","-165.50"
"1988","clvXEbefRD6O1fIzLtoK","31","Mora","Poland","western balsam poplar","499.95"
"1988","4DUvaYemMsDcfDGfO7Oq","51","Dakota","Thailand","weapons carrier","+$24.50"
"2005","Xm5tm3ns7ThENO8Pxwb7","30","Frances","Mauritania","pogostemon cablin","-$207.95"
"1997","7tVGqm58GDadyDptYLex","36","Maris","Slovenia","genus clinopodium","205.10"
"1996","qfQYb2bqe5bi1ro86yes","60","Rosalia","Cook Islands","ear lobe","464.95"
"1998","S036nooGbENoA2f8dI8I","39","Leena","Caucasus","anomia","$ 78.95"
"1990","G3sK8EHpatE5PRKempP4","47","Boris","Malaysia","pine snake","+$249.00"
"1987","TBgGQS1OBzvyEgkVHx5S","9","Arlo","Iraq","dental procedure","83.10"
"1997","WwqfyQojCOc94odySQ3o","24","Xavier","Label","coronary artery disease","+$380.50"
"2013","APFqep399sV8Jb6Lm5s9","60","Dionne","Mozambique","spergularia","416.99"
"2002","Ohm61TAabUlVWp3htaZG","37","Yelena","Central African Republic","biserial correlation","$ 168.99"
"2005","gPYHiYZgOi4m9VfWk2ji","65","Quinta","Saint Vincent And The Grenadines","ground rose","291.00"
"1988","cxSm8M1MLzZ5sMYfQltS","87","Vaschel","Ghana","polyoma virus","442.98"
"1996","3nwW8UAbwV0MOtPAICAC","47","Colette","Swaziland","bacteriolysis","277.99"
"2006","LE4zBTVea7cP1n70NGaw","81","Kaelin","Sao Tome And Principe","downhill","+$353.00"
"1997","TntGJBlNgYnUbLgqDNku","38","Cynthia","Argentina","younker","$ 362.00"
"1995","gySB0BbyQp9UQQcx187A","23","Marvin","Australia","perfectibility","-$17.00"
"2004","jpGA1N5BqucewzklYnXI","52","Howie","Eritrea","appellate court","-$107.95"
"2000","JkPF5zAQS5KZHdoPIoiA","21","Asalie","Germany","surplusage","+$255.95"
"2006","90H09XiRsPw76fhKidzd","93","Peggy","Sri Lanka","allium sativum","-$453.00"
"2011","TMK7JpyqqqmfrKC37ZEm","53","Lirit","Spain","emptor","$ 214.50"
"1999","lKaCSucoCaak55FCR459","26","Delaine","Montserrat","genus oriolus","$ 86.99"
"1985","28tgCtDNHgPmcIVaar3Q","15","Kenneth","French Guiana","national debt ceiling","$81.98"
"2000","lJbDsW21hvk4EAhcRynP","97","Chancellor","Tuvalu","atlantic bonito","-305.99"
"1995","XLRDuh9zCp8ZD9iLuLqj","32","Darwin","Switzerland","erythrocytolysin","295.95"
"1990","DBKVJ1rKvOtTPbctPJxI","2","Nakima","United States Virgin Islands","enzyme-linked-immunosorbent serologic assay","$89.95"
"1999","XfthTTE52OQ2vHwRRqQc","63","Benard","Macedonia","hydrocharidaceae","$ 464.00"
"1986","KiXFNuwlgSpzSNr8bEQ9","41","Monroe","Macao","deltoid leaf","+$254.50"
"2004","VYQJjc0HaLqd2r6m970y","41","Ivan","Africa","genus amphicarpaea","-$112.10"
"1997","X9LbsNGSCpHOAulmiOEI","52","Paolo","Balkans","azeri","+$357.99"
"1990","EueU5Kr7Hr6xabVM4WJ8","74","Ilo","Samoa","paintball","$ 347.95"
"2010","0B8wtbvwomvCmcnS98Ll","13","Dulcina","Malaysia","splenitis","+$421.10"
"2010","EMHLI7Jwipdyhmu2O06c","99","Shakti","Cape Verde","dominus","151.00"
"2009","nfUfhCOBOaYgW2JWeaBz","99","Mathilde","Asia","rhizomatous begonia","125.95"
"2007","JclgXB8eVwXZAMDHVMh3","18","Derby","Djibouti","peripheral nervous system","192.50"
"2011","DV3WEBQvgITLg7qh29Vi","53","Verda","North Africa","retentivity","483.95"
"2007","bBR6STjF9tJSxNrVBpG1","70","Noreen","Kazakhstan","pipit","261.99"
"2013","4m5E2X15KGr6nAk2xQvD","12","Mendel","Bermuda","trustworthiness","$266.50"
"2013","XBpwGqLDeFvVu9Lvvf3x","85","Nira","Ivory Coast","steakhouse","352.95"
"1986","F3cSw9FXDhX7186pW9kb","82","Mona","United Kingdom","vapour pressure","-$471.10"
"2012","IJyiNrTgbsBeGlTA6PS4","38","Coral","Portugal","elizabethan age","215.99"
"2009","YCYUGnurvJ58EZmoUscl","39","Ellie","Netherlands Antilles","motorcycle","$226.10"
"1986","gymDIZsC4kDqpQSIHgry","0","Ava","Uruguay","radiant energy","297.00"
"1989","ifwD1gRPj8wYPiVMdZNT","13","Brianne","Burkina Faso","eldest","271.00"
"1987","KRybQqhWiSdikMr5KCTA","64","Lana","Dominican Republic","sob story","$83.50"
"1999","GZBOH0dT4z3MGeteXhTc","91","Harry","Micronesia","burundi","367.00"
"1999","1017pWT0kCJDdQtTlnAY","45","Dahlia","Mediterranean","tape recorder","+$402.10"
"2005","m2QlisbgGro4PNaaQD1h","48","Lani","New Caledonia","daisy fleabane","$468.99"
"1995","CTCpXDhJTkXfVLtgznZX","71","Derora","Angola","anaphoric relation","-$297.50"
"1996","bc3yGkRwdYhYqKxC0KQi","49","Page","Antigua And Barbuda","latanier palm","$ 327.99"
"2005","Wuozw6myWJ5IBasWPs7g","20","Conrad","East Timor","allowance","+$480.10"
"1995","TtYdmNIu673HqkWZ3LHm","15","Marvin","Samoa","robert macgregor","-$208.00"
"1989","DeNuSF874mb4USx3Xxgb","29","Petunia","Bulgaria","normal dwarf","$454.50"
"1991","JEfRcHcLfU2VSVhphUIn","40","Winfred","Central Africa","hickory nut","209.10"
"1996","pfQweWygtz6QQpwj8HVQ","15","Miracle","Pitcairn","genus eptatretus","$ 428.00"
"2012","AuoPr4gJo2GDtZyMQGV4","14","Corby","Estonia","first council of nicaea","-$402.98"
"2003","uVtiCo326y33qA3IXe99","38","Jorryn","Switzerland","concord grape","150.95"
"1989","tLuFxEl6rqstpBvxVXX4","5","Oriel","Europe","declination","-467.95"
"1997","1sXlKozWQJ6oICxdsMBS","84","Waverly","Tunisia","zenith","$ 73.98"
"1985","hcRi4cLfYmRErR5VfbzG","43","Charisse","Sweden","line of reasoning","-479.99"
"2008","I2ZLzORq8Xxwiz8VYNOl","30","Cheri","Moldova","swamp sparrow","452.00"
"1996","w93ycKbCbroHlN822yCW","1","Salome","Philippines","steering committee","+$269.99"
"1992","AoPfEpL0oo0Osjwi6Eli","78","Tasmine","Slovenia","trisaccharide","$ 259.00"
"2009","igeJqAKUxXCe3HaOMf6g","70","Zayn","Bahamas","ratifier","-$185.50"
"1998","3pSieUA3QejRufXyLoCJ","17","Terrence","Aruba","dichroism","-186.00"
"2012","zdzQK8jd658rjUtQYzdC","23","Kelvin","Kiribati","animal glue","+$227.99"
"1986","KH54FTxNTb1VFhg8SvEr","57","Analiese","Norfolk Island","haptoglobin","303.10"
"1994","UYtEiOrnrcysA8ryATAE","91","Tristan","Iraq","affrication","-180.10"
"2007","gXNXNLLC0HxL0SNjbxCd","81","Mikhail","Afghanistan","omsk","-$194.00"
"2006","MXln1cBDzyUpg0aaBD81","59","Sanjeet","Jamaica","boswell","116.50"
"1988","KWAVUwalhz0ReBNXbdOi","27","Venetia","Estonia","ember day","+$54.99"
"2001","Fk52hsbtPCpyvwSdQYLU","97","Mortimer","United States Virgin Islands","order pseudomonadales","169.99"
"2010","UVdvPZ37dea4YdlX59R1","65","Keenan","The West","standard of life","$ 193.00"
"1998","vZjEwvj1YvD9Y1Cpcb79","44","Latimer","Gibraltar","necklet","255.95"
"1997","W2TY02lWh4KUVdyH15I2","6","Athalia","Grenada","xenosaurus","$329.00"
"1994","tHQ1We50DkEjleLH95IZ","5","Malaya","Sao Tome And Principe","asparagine","+$221.99"
"2002","WqfeaSTuz9kEOxMJHivU","65","Annora","Myanmar","horizontal integration","-155.99"
"1987","5CwFAq7lSem8kaLOL0wd","89","Twila","Ivory Coast","sniveller","415.95"
"1988","ViODnJ66PY9sVcZWqxd8","13","Van","Northern Mariana Islands","westward","57.50"
"2005","6Rz0ZPhpVO9U9NErgm4j","58","Yule","Russia","blowjob","+$292.99"
"1995","83EDKV46qpJSfk5P62RH","70","Adamma","Martinique","elephant's-foot","235.00"